time_bin,num_files_affected,num_varying_extensions,cpu_usage,memory_usage,time_diff,entropy,key_presses,mouse_activity,file_size,io_read_count,io_write_count,registry_edits,shadow_copy_count,restore_point_count,firewall_disabled,defender_disabled,task_manager_disabled,sequential_operations,operation_sequence_length,label
0.0,1,1,0.08,0.76,0.0,0.0,11.0,1528.0,0.0,48.0,144.0,7.0,0.0,0.0,True,True,True,0.0,1.0,normal
2.0,6,1,0.3,0.77,1.26,7.93,3.17,21.67,3.7,0.0,120.0,42.0,0.0,0.0,True,True,True,0.0,7.0,normal
3.0,2,1,0.37,0.76,1.42,0.0,1.0,24.5,0.0,0.0,4.0,14.0,0.0,0.0,True,True,True,0.0,9.0,normal
5.0,1,1,0.31,0.76,4.29,0.0,5.0,138.0,0.0,0.0,184.0,7.0,0.0,0.0,True,True,True,0.0,10.0,normal
6.0,2,1,0.26,0.76,2.64,2.84,8.5,10.5,0.01,60.0,332.0,14.0,0.0,0.0,True,True,True,0.0,12.0,normal
9.0,2,1,0.07,0.76,3.7,4.98,6.0,109.5,1.28,65.5,228.0,14.0,0.0,0.0,True,True,True,0.0,14.0,normal
10.0,4,3,0.29,0.77,1.3,5.97,1.0,51.25,9.76,52.0,164.0,28.0,0.0,0.0,True,True,True,0.0,18.0,normal
11.0,3,2,0.29,0.77,0.28,6.98,0.0,14.0,9.9,52.0,164.0,21.0,0.0,0.0,True,True,True,1.0,19.0,normal
12.0,1,1,0.45,0.78,4.34,0.0,0.0,153.0,0.0,467.0,624.0,7.0,0.0,0.0,True,True,True,1.0,2.0,normal
13.0,6,2,0.5,0.78,0.54,6.96,1.17,10.17,9.23,0.0,328.0,42.0,0.0,0.0,True,True,True,6.0,8.0,normal
15.0,2,1,0.14,0.76,2.37,7.97,5.0,63.5,6.7,0.0,436.0,14.0,0.0,0.0,True,True,True,2.0,10.0,normal
16.0,2,1,0.33,0.77,1.55,0.0,2.0,24.0,0.0,114.5,392.0,14.0,0.0,0.0,True,True,True,2.0,12.0,normal
18.0,2,1,0.11,0.77,3.6,0.0,0.0,196.0,1.16,40.0,124.0,14.0,0.0,0.0,True,True,True,2.0,14.0,normal
19.0,2,1,0.37,0.77,0.45,0.0,3.0,0.0,1.16,48.0,124.0,14.0,0.0,0.0,True,True,True,3.0,16.0,normal
20.0,2,0,0.79,0.77,1.94,0.0,0.0,91.0,1.16,0.0,576.0,14.0,0.0,0.0,True,True,True,2.0,18.0,normal
21.0,4,0,0.31,0.77,0.45,0.0,2.0,0.0,0.58,0.0,224.0,28.0,0.0,0.0,True,True,True,1.0,19.0,normal
30.0,4,2,0.66,0.79,6.9,5.41,3.75,274.75,7.11,40.0,296.0,28.0,0.0,0.0,True,True,True,4.0,6.0,normal
31.0,2,2,0.0,0.78,2.0,0.0,1.0,81.5,0.0,0.0,232.0,14.0,0.0,0.0,True,True,True,2.0,8.0,normal
41.0,3,1,0.76,0.76,9.91,0.0,8.67,178.0,5.19,360.0,88.0,33.0,0.0,0.0,False,False,False,0.0,11.0,normal
43.0,7,3,0.34,0.76,0.95,7.95,1.29,28.86,10.91,114628.71,614.29,77.0,0.0,0.0,False,False,False,0.0,18.0,normal
44.0,1,1,0.64,0.76,3.45,0.0,3.0,91.0,0.0,138161.5,752.0,11.0,0.0,0.0,False,False,False,0.0,19.0,normal
47.0,1,1,0.33,0.75,8.61,0.0,0.0,619.0,0.0,0.0,108.0,11.0,0.0,0.0,False,False,False,0.0,0.0,normal
48.0,1,1,0.72,0.75,2.33,0.0,6.0,0.0,0.0,0.0,128.0,11.0,0.0,0.0,False,False,False,0.0,1.0,normal
49.0,1,1,0.08,0.75,4.18,0.0,0.0,236.0,0.0,2935.0,2632.0,11.0,0.0,0.0,False,False,False,0.0,2.0,normal
50.0,1,1,0.53,0.75,2.59,0.0,11.0,0.0,0.0,0.0,4.0,11.0,0.0,0.0,False,False,False,0.0,3.0,normal
51.0,7,2,0.25,0.75,0.26,1.22,1.0,0.0,0.01,80.0,476.0,77.0,0.0,0.0,False,False,False,0.0,10.0,normal
52.0,7,5,0.45,0.76,0.65,2.06,1.0,20.0,4.21,63.43,332.57,77.0,0.0,0.0,False,False,False,0.0,17.0,normal
58.0,1,1,0.79,0.77,16.09,6.41,0.0,844.0,15.29,168.0,472.0,11.0,0.0,0.0,False,False,False,0.0,18.0,normal
60.0,2,1,0.44,0.78,2.93,7.93,2.0,170.0,3.7,48.0,200.0,22.0,0.0,0.0,False,False,False,0.0,19.0,normal
61.0,2,1,0.25,0.77,2.32,7.93,4.0,60.0,3.7,0.0,156.0,22.0,0.0,0.0,False,False,False,0.0,2.0,normal
65.0,1,1,0.52,0.76,12.04,0.0,24.0,213.0,0.0,64.0,308.0,11.0,0.0,0.0,False,False,False,0.0,3.0,normal
67.0,3,2,0.4,0.76,1.39,0.0,0.67,51.33,0.0,0.0,448.0,33.0,0.0,0.0,False,False,False,0.0,6.0,normal
68.0,1,1,0.4,0.76,5.42,2.84,0.0,192.0,0.01,0.0,200.0,11.0,0.0,0.0,False,False,False,0.0,7.0,normal
71.0,1,1,0.48,0.77,8.71,2.84,64.0,30.0,2.53,64.0,184.0,11.0,0.0,0.0,False,False,False,0.0,8.0,normal
72.0,2,1,0.56,0.77,1.45,2.84,4.0,12.5,3.02,230.0,384.0,22.0,0.0,0.0,False,False,False,0.0,10.0,normal
74.0,1,1,0.25,0.78,4.35,2.84,4.0,165.0,1.37,412.0,708.0,11.0,0.0,0.0,False,False,False,0.0,11.0,normal
76.0,1,1,0.43,0.77,7.21,3.15,44.0,58.0,0.04,0.0,0.0,11.0,0.0,0.0,False,False,False,0.0,12.0,normal
77.0,1,1,0.32,0.77,2.31,3.15,11.0,0.0,0.19,0.0,36.0,11.0,0.0,0.0,False,False,False,0.0,13.0,normal
79.0,8,3,0.56,0.77,0.84,2.7,0.88,29.25,7.42,16.0,140.0,88.0,0.0,0.0,False,False,False,5.0,19.0,normal
80.0,5,3,0.25,0.77,0.74,4.32,1.8,26.8,6.57,0.0,180.0,55.0,0.0,0.0,False,False,False,5.0,6.0,normal
82.0,1,1,0.57,0.77,5.26,3.63,0.0,139.0,10.06,0.0,104.0,11.0,0.0,0.0,False,False,False,1.0,7.0,normal
83.0,2,1,0.47,0.77,0.98,0.0,0.0,60.0,1.16,1808.0,312.0,22.0,0.0,0.0,False,False,False,1.0,9.0,normal
86.0,8,1,0.4,0.77,1.35,1.42,0.0,50.0,2.16,116.0,194.0,88.0,0.0,0.0,False,False,False,0.0,17.0,normal
87.0,2,2,0.07,0.76,1.35,0.0,1.0,62.0,0.0,80.0,376.0,22.0,0.0,0.0,False,False,False,0.0,19.0,normal
89.0,1,1,0.61,0.77,5.1,0.0,0.0,287.0,0.0,0.0,132.0,11.0,0.0,0.0,False,False,False,0.0,0.0,normal
90.0,1,1,0.34,0.77,2.64,0.0,14.0,0.0,0.0,0.0,396.0,11.0,0.0,0.0,False,False,False,0.0,1.0,normal
95.0,1,1,0.5,0.77,16.31,0.0,0.0,896.0,0.0,0.0,68.0,11.0,0.0,0.0,False,False,False,0.0,2.0,normal
106.0,1,1,0.36,0.76,32.78,0.0,23.0,760.0,0.0,4571.5,416.0,12.0,0.0,0.0,False,True,False,0.0,3.0,normal
107.0,8,1,0.72,0.77,0.44,2.99,1.0,8.25,14.21,11899.81,230.0,96.0,0.0,0.0,False,True,False,7.0,11.0,normal
109.0,1,1,0.5,0.77,4.78,2.55,24.0,30.0,0.03,4.0,15144.0,12.0,0.0,0.0,False,True,False,0.0,12.0,normal
111.0,1,1,0.25,0.78,6.55,2.55,54.0,0.0,2.95,16.0,2116.0,12.0,0.0,0.0,False,True,False,0.0,13.0,normal
112.0,1,1,0.62,0.77,1.88,2.55,13.0,0.0,3.79,0.0,2308.0,12.0,0.0,0.0,False,True,False,0.0,14.0,normal
114.0,1,1,0.52,0.78,6.36,2.55,10.0,200.0,3.79,100.0,2480.0,12.0,0.0,0.0,False,True,False,0.0,15.0,normal
115.0,1,1,0.17,0.77,2.06,2.84,0.0,119.0,0.01,2828.5,7776.0,12.0,0.0,0.0,False,True,False,0.0,16.0,normal
116.0,1,1,0.48,0.78,2.93,2.55,6.0,23.0,3.79,400.0,18348.0,12.0,0.0,0.0,False,True,False,0.0,17.0,normal
117.0,2,1,0.12,0.77,2.76,2.55,5.0,100.0,3.79,48.0,228.0,24.0,0.0,0.0,False,True,False,0.0,19.0,normal
120.0,2,1,0.72,0.77,3.13,2.55,6.5,44.0,3.79,32.0,224.0,24.0,0.0,0.0,False,True,False,0.0,1.0,normal
122.0,1,1,0.25,0.78,8.54,7.98,0.0,347.0,14.21,16.0,172.0,12.0,0.0,0.0,False,True,False,0.0,2.0,normal
140.0,9,2,0.56,0.8,5.83,3.54,3.33,144.67,10.35,268.0,92.0,117.0,0.0,0.0,False,True,True,8.0,11.0,normal
141.0,2,1,0.38,0.79,2.03,0.0,1.0,98.5,0.0,4.0,604.0,26.0,0.0,0.0,False,True,True,4.0,13.0,normal
143.0,4,1,0.55,0.8,1.47,1.27,0.0,64.25,2.48,0.0,84.0,52.0,0.0,0.0,False,True,True,4.0,17.0,normal
144.0,4,1,0.07,0.78,0.82,1.27,0.0,43.5,2.48,32.0,340.0,52.0,0.0,0.0,False,True,True,0.0,19.0,normal
146.0,2,1,0.88,0.78,2.77,0.0,2.5,93.0,0.0,152.0,644.0,26.0,0.0,0.0,False,True,True,0.0,3.0,normal
147.0,1,1,0.36,0.77,3.44,1.58,7.0,17.0,0.0,32.0,49472.0,13.0,0.0,0.0,False,True,True,0.0,4.0,normal
148.0,1,1,0.37,0.76,1.05,1.58,2.0,79.0,0.0,16.0,580.0,13.0,0.0,0.0,False,True,True,0.0,5.0,normal
149.0,1,0,0.38,0.76,4.12,0.0,0.0,158.0,0.0,0.0,140.0,13.0,0.0,0.0,False,True,True,0.0,6.0,normal
150.0,2,0,0.38,0.76,1.2,0.0,4.0,11.0,0.0,64.0,1120.0,26.0,0.0,0.0,False,True,True,0.0,8.0,normal
152.0,2,1,0.29,0.75,3.41,1.05,0.0,108.0,0.03,284.0,228.0,26.0,0.0,0.0,False,True,True,0.0,10.0,normal
153.0,7,1,0.38,0.76,0.62,1.05,2.71,0.0,0.03,130.29,491.43,91.0,0.0,0.0,False,True,True,0.0,17.0,normal
154.0,4,1,0.32,0.76,0.72,0.26,1.0,17.0,0.01,149.0,1052.0,52.0,0.0,0.0,False,True,True,0.0,19.0,normal
157.0,5,3,0.48,0.76,1.41,0.0,2.0,49.4,0.0,32.0,336.0,65.0,0.0,0.0,False,True,True,0.0,6.0,normal
159.0,4,1,0.67,0.76,1.74,7.96,4.0,33.75,13.26,0.0,140.0,52.0,0.0,0.0,False,True,True,0.0,10.0,normal
161.0,1,1,0.6,0.76,6.61,0.0,2.0,348.0,0.0,0.0,132.0,13.0,0.0,0.0,False,True,True,0.0,11.0,normal
162.0,1,1,0.26,0.76,1.41,0.0,4.0,0.0,0.0,0.0,204.0,13.0,0.0,0.0,False,True,True,0.0,12.0,normal
163.0,1,1,0.65,0.76,2.15,7.93,0.0,59.0,3.7,0.0,156.0,13.0,0.0,0.0,False,True,True,0.0,13.0,normal
165.0,9,3,0.38,0.77,0.92,1.76,0.22,35.0,1.25,372.0,364.0,117.0,0.0,0.0,False,True,True,1.0,19.0,normal
171.0,9,3,0.0,0.77,1.93,1.76,1.11,74.78,0.83,28.0,72.0,117.0,0.0,0.0,False,True,True,1.0,11.0,normal
172.0,2,1,0.8,0.77,2.14,3.98,3.0,66.5,13.26,48.0,304.0,26.0,0.0,0.0,False,True,True,2.0,13.0,normal
173.0,34,1,0.88,0.77,0.09,6.09,0.53,0.0,13.26,40.0,4857.65,442.0,0.0,0.0,False,True,True,178.0,19.0,normal
174.0,213,5,0.86,0.77,0.01,4.79,0.01,0.26,8.04,387392.19,384334.76,2769.0,0.0,0.0,False,True,True,2537.0,19.0,normal
175.0,38,1,0.97,0.77,0.06,5.87,0.16,1.66,9.83,319567.99,315259.68,494.0,0.0,0.0,False,True,True,311.0,19.0,normal
176.0,5,0,0.93,0.76,0.69,0.0,1.0,35.2,0.0,38576.0,7168.0,65.0,0.0,0.0,False,True,True,60.0,19.0,normal
179.0,12,2,0.32,0.76,0.78,1.06,1.67,17.25,0.0,31438.0,8488.0,156.0,0.0,0.0,False,True,True,144.0,15.0,normal
180.0,6,2,0.51,0.76,0.42,0.0,0.67,13.83,0.0,192.0,4160.0,78.0,0.0,0.0,False,True,True,48.0,19.0,normal
182.0,6,3,0.3,0.76,0.92,6.62,0.83,35.33,8.04,0.0,3072.0,78.0,0.0,0.0,False,True,True,0.0,7.0,normal
183.0,1,1,0.18,0.76,1.07,7.96,1.0,39.0,14.25,228.0,3664.0,13.0,0.0,0.0,False,True,True,0.0,8.0,normal
184.0,18,1,0.73,0.76,0.29,7.96,0.89,5.56,13.26,80.0,3384.0,234.0,0.0,0.0,False,True,True,0.0,19.0,normal
185.0,9,1,0.67,0.76,0.18,0.0,0.0,3.56,0.0,200.0,4436.0,117.0,0.0,0.0,False,True,True,0.0,15.0,normal
186.0,6,1,0.0,0.75,0.78,0.0,2.0,15.67,0.0,48.0,2148.0,78.0,0.0,0.0,False,True,True,0.0,19.0,normal
188.0,24,1,0.44,0.75,0.24,7.96,0.92,4.79,13.26,32.0,2304.0,312.0,0.0,0.0,False,True,True,0.0,19.0,normal
190.0,10,1,0.5,0.75,0.44,0.0,1.4,7.7,0.0,9668.0,2084.0,130.0,0.0,0.0,False,True,True,0.0,15.0,normal
191.0,11,3,0.67,0.75,0.37,0.0,1.0,6.82,0.0,3056.0,23084.0,143.0,0.0,0.0,False,True,True,0.0,19.0,normal
192.0,7,1,0.42,0.75,0.51,0.0,1.0,13.57,0.0,96.0,352.0,91.0,0.0,0.0,False,True,True,0.0,13.0,normal
193.0,5,1,0.04,0.74,0.6,0.0,1.0,20.4,0.0,0.0,240.0,65.0,0.0,0.0,False,True,True,0.0,18.0,normal
194.0,4,1,0.41,0.75,0.73,0.0,1.25,27.25,0.0,0.0,0.0,52.0,0.0,0.0,False,True,True,0.0,19.0,normal
195.0,1,1,0.24,0.76,3.05,0.0,0.0,160.0,0.0,16.0,476.0,13.0,0.0,0.0,False,True,True,0.0,3.0,normal
196.0,1,1,0.3,0.75,1.39,0.0,10.0,0.0,0.0,44.0,204.0,13.0,0.0,0.0,False,True,True,0.0,4.0,normal
197.0,1,1,0.5,0.75,2.93,2.9,22.0,0.0,0.03,152.0,576.0,13.0,0.0,0.0,False,True,True,0.0,5.0,normal
198.0,3,2,0.52,0.75,1.18,0.0,1.0,54.0,0.0,16.0,628.0,39.0,0.0,0.0,False,True,True,0.0,8.0,normal
199.0,5,3,0.38,0.76,0.61,0.0,1.2,18.0,0.0,0.0,264.0,65.0,0.0,0.0,False,True,True,0.0,13.0,normal
200.0,2,0,0.24,0.75,1.9,0.0,0.5,89.5,0.0,34.0,354.0,26.0,0.0,0.0,False,True,True,0.0,15.0,normal
202.0,3,0,0.5,0.75,1.74,0.0,0.67,57.67,0.0,10.67,218.67,39.0,0.0,0.0,False,True,True,0.0,18.0,normal
236.0,2,0,0.04,0.73,51.83,0.0,18.5,2424.0,0.0,0.0,56.0,30.0,0.0,0.0,False,False,False,0.0,19.0,normal
276.0,37,7,0.11,0.74,3.24,5.16,6.81,77.3,5.72,0.0,0.0,555.0,0.0,0.0,False,False,False,14.0,19.0,normal
319.0,2,1,0.64,0.78,64.11,3.63,23.0,3634.0,10.06,560.0,278.0,25.0,0.0,0.0,False,False,False,1.0,18.0,normal
0.0,52,3,0.69,0.78,0.12,3.17,0.0,1.52,3.07,1806.27,274.08,682.0,0.0,0.0,True,True,True,71.0,19.0,anomaly
1.0,45,2,0.72,0.78,0.15,2.97,0.0,6.04,2.48,1170.22,493.42,631.0,0.0,0.0,True,True,True,282.0,19.0,anomaly
2.0,71,3,0.75,0.79,0.16,7.24,0.0,1.06,9.99,1769.52,1630.25,925.0,0.0,0.0,True,True,True,546.0,19.0,anomaly
3.0,97,1,0.97,0.8,0.09,7.97,0.0,0.46,14.91,19631.88,15085.28,1251.0,0.0,0.0,True,True,True,3428.0,19.0,anomaly
4.0,45,3,0.95,0.8,0.13,5.05,0.0,0.56,9.01,27378.4,16657.96,599.0,0.0,0.0,True,True,True,2446.0,19.0,anomaly
5.0,144,8,0.68,0.8,0.08,4.96,0.0,0.96,2.72,439.11,2842.67,1968.0,0.0,0.0,True,True,True,5819.0,19.0,anomaly
6.0,6,1,0.86,0.8,0.69,7.97,0.0,0.0,2.71,1146.67,2377.33,82.0,0.0,0.0,True,True,True,6.0,15.0,anomaly
7.0,24,2,0.85,0.79,0.45,4.32,0.0,0.08,1.95,0.0,2384.33,328.0,0.0,0.0,True,True,True,24.0,19.0,anomaly
8.0,6,1,0.83,0.79,1.18,7.98,0.0,62.0,4.84,112.5,2894.67,82.0,0.0,0.0,True,True,True,3.0,5.0,anomaly
9.0,6,1,0.87,0.79,2.12,7.97,0.0,26.33,15.82,13.33,11489.33,82.0,0.0,0.0,True,True,True,3.0,7.0,anomaly
11.0,9,1,0.42,0.78,1.72,0.7,0.0,0.0,0.02,0.0,217.33,123.0,0.0,0.0,True,True,True,9.0,10.0,anomaly
12.0,17,2,0.63,0.79,0.37,2.35,0.0,0.0,1.88,64.0,176.0,235.0,0.0,0.0,True,True,True,17.0,16.0,anomaly
13.0,15,2,0.74,0.79,0.95,4.39,0.0,0.0,3.01,19.2,286.13,205.0,0.0,0.0,True,True,True,15.0,19.0,anomaly
14.0,6,1,0.85,0.78,1.05,5.99,0.0,0.0,4.45,106.67,15581.33,82.0,0.0,0.0,True,True,True,6.0,3.0,anomaly
15.0,6,1,0.68,0.76,1.23,5.0,0.0,0.0,1.6,122.67,228.0,82.0,0.0,0.0,True,True,True,6.0,5.0,anomaly
16.0,90,2,0.54,0.76,0.15,3.44,0.0,0.0,2.14,27.56,430.22,1230.0,0.0,0.0,True,True,True,330.0,19.0,anomaly
17.0,9,1,0.79,0.77,0.31,4.0,0.0,0.0,3.66,269.33,330.67,123.0,0.0,0.0,True,True,True,72.0,18.0,anomaly
4447.0,1,1,0.04,0.72,0.0,7.93,8.0,436.0,4.84,16.0,188.0,7.0,1.0,1.0,False,False,False,0.0,1.0,anomaly
0.0,7,2,0.04,0.72,0.01,5.8,0.0,0.0,3.35,16.0,188.0,49.0,1.0,1.0,False,False,False,0.0,8.0,normal
1.0,1,1,0.0,0.72,3.47,7.93,3.0,43.0,4.84,0.0,200.0,7.0,1.0,1.0,False,False,False,0.0,9.0,normal
2.0,1,1,0.07,0.73,3.46,7.95,0.0,169.0,4.58,440.0,732.0,7.0,1.0,1.0,False,False,False,0.0,10.0,normal
6.0,2,2,0.0,0.74,6.24,0.0,1.0,297.0,0.0,621.0,260.0,14.0,1.0,1.0,False,False,False,0.0,12.0,normal
8.0,2,1,0.04,0.74,2.5,7.95,4.0,61.5,4.58,0.0,884.0,14.0,1.0,1.0,False,False,False,0.0,14.0,normal
9.0,2,1,0.04,0.74,2.11,7.92,6.0,12.0,4.21,0.0,0.0,14.0,1.0,1.0,False,False,False,0.0,16.0,normal
11.0,2,1,0.18,0.74,2.82,7.93,6.0,50.0,4.84,0.0,4.0,14.0,1.0,1.0,False,False,False,0.0,18.0,normal
14.0,4,3,0.04,0.76,2.64,5.96,1.75,102.5,3.97,48.0,260.0,28.0,1.0,1.0,False,False,False,0.0,19.0,normal
16.0,3,1,0.08,0.76,1.38,7.97,2.33,13.67,6.23,144.0,520.0,21.0,1.0,1.0,False,False,False,1.0,5.0,normal
20.0,1,1,0.08,0.76,13.75,7.95,0.0,742.0,5.46,0.0,44.0,7.0,1.0,1.0,False,False,False,0.0,6.0,normal
23.0,4,1,0.02,0.75,2.22,3.98,2.5,72.5,4.58,48.0,254.0,28.0,1.0,1.0,False,False,False,0.0,10.0,normal
25.0,1,1,0.08,0.74,3.83,4.19,4.0,116.0,0.07,0.0,264.0,7.0,1.0,1.0,False,False,False,0.0,11.0,normal
26.0,1,1,0.0,0.74,4.01,4.2,13.0,15.0,0.19,160.0,856.0,7.0,1.0,1.0,False,False,False,0.0,12.0,normal
27.0,1,1,0.09,0.74,3.83,4.2,10.0,0.0,0.36,32.0,232.0,7.0,1.0,1.0,False,False,False,0.0,13.0,normal
30.0,4,1,0.0,0.74,1.78,2.1,0.0,78.75,0.62,0.0,132.0,28.0,1.0,1.0,False,False,False,0.0,17.0,normal
31.0,4,1,0.0,0.74,0.69,3.96,0.0,29.0,2.68,80.0,356.0,28.0,1.0,1.0,False,False,False,0.0,19.0,normal
32.0,5,2,0.04,0.74,0.57,3.49,1.2,11.4,7.12,0.0,0.0,35.0,1.0,1.0,False,False,False,3.0,6.0,normal
33.0,6,3,0.15,0.74,0.98,2.91,1.67,20.5,4.25,26.67,276.0,42.0,1.0,1.0,False,False,False,6.0,12.0,normal
34.0,1,1,0.0,0.74,2.54,4.19,0.0,75.0,0.07,96.0,368.0,7.0,1.0,1.0,False,False,False,1.0,13.0,normal
36.0,1,1,0.0,0.74,5.54,4.47,17.0,20.0,0.08,0.0,532.0,7.0,1.0,1.0,False,False,False,0.0,14.0,normal
37.0,1,1,0.0,0.74,2.33,4.47,6.0,58.0,0.08,0.0,112.0,7.0,1.0,1.0,False,False,False,0.0,15.0,normal
43.0,2,1,0.0,0.74,9.37,7.95,3.0,265.5,9.16,32.0,344.0,14.0,1.0,1.0,False,False,False,0.0,17.0,normal
44.0,2,1,0.0,0.74,1.52,7.95,2.5,37.0,9.16,64.0,892.0,14.0,1.0,1.0,False,False,False,0.0,19.0,normal
47.0,2,1,0.0,0.75,3.47,4.19,3.5,178.5,0.07,48.0,284.0,14.0,1.0,1.0,False,False,False,0.0,1.0,normal
50.0,14,3,0.0,0.75,0.8,4.98,0.79,14.57,10.19,0.0,132.0,98.0,1.0,1.0,False,False,False,9.0,15.0,normal
52.0,2,1,0.0,0.75,2.94,6.41,3.5,100.5,15.29,0.0,4.0,14.0,1.0,1.0,False,False,False,0.0,17.0,normal
54.0,2,1,0.22,0.75,2.33,7.93,7.5,20.5,13.16,0.0,4.0,14.0,1.0,1.0,False,False,False,0.0,19.0,normal
55.0,1,1,0.48,0.75,2.7,0.0,1.0,73.0,0.0,16.0,2420.0,7.0,1.0,1.0,False,False,False,0.0,0.0,normal
56.0,5,1,0.0,0.75,1.08,2.52,0.0,61.2,0.51,28.0,2048.0,35.0,1.0,1.0,False,False,False,0.0,5.0,normal
58.0,3,0,0.0,0.74,1.98,0.0,2.67,89.0,0.0,42.67,6213.33,21.0,1.0,1.0,False,False,False,0.0,8.0,normal
60.0,3,1,0.0,0.74,1.47,2.42,1.67,38.67,6.71,0.0,236.0,21.0,1.0,1.0,False,False,False,0.0,11.0,normal
62.0,4,1,0.18,0.74,1.34,2.23,0.0,71.75,0.04,16.0,244.0,28.0,1.0,1.0,False,False,False,0.0,15.0,normal
63.0,1,1,0.42,0.74,5.39,0.0,4.0,161.0,0.0,0.0,180.0,7.0,1.0,1.0,False,False,False,0.0,16.0,normal
64.0,4,3,0.8,0.74,0.21,7.56,0.0,8.5,10.98,114.0,70.0,28.0,1.0,1.0,False,False,False,0.0,19.0,normal
65.0,3,1,0.04,0.75,1.02,7.97,5.33,7.33,15.24,80.0,2192.0,21.0,1.0,1.0,False,False,False,1.0,3.0,normal
70.0,2,1,0.2,0.74,8.14,7.95,9.0,84.5,5.46,0.0,0.0,14.0,1.0,1.0,False,False,False,2.0,5.0,normal
71.0,1,1,0.09,0.74,2.43,7.95,2.0,0.0,9.16,0.0,280.0,7.0,1.0,1.0,False,False,False,0.0,6.0,normal
74.0,2,1,0.0,0.74,5.05,7.95,5.5,114.5,9.16,0.0,204.0,14.0,1.0,1.0,False,False,False,0.0,8.0,normal
77.0,2,1,0.11,0.74,4.15,7.93,7.0,85.0,4.84,0.0,128.0,14.0,1.0,1.0,False,False,False,0.0,10.0,normal
78.0,1,1,0.0,0.74,2.22,0.0,2.0,53.0,0.0,144.0,540.0,7.0,1.0,1.0,False,False,False,0.0,11.0,normal
79.0,2,1,0.0,0.74,1.75,0.0,1.5,52.0,0.0,0.0,104.0,14.0,1.0,1.0,False,False,False,0.0,13.0,normal
80.0,1,1,0.0,0.74,1.89,0.0,0.0,104.0,0.0,0.0,4.0,7.0,1.0,1.0,False,False,False,0.0,14.0,normal
82.0,1,1,0.0,0.76,7.19,4.18,12.0,117.0,0.36,128.0,404.0,7.0,1.0,1.0,False,False,False,0.0,15.0,normal
84.0,1,1,0.52,0.76,4.54,0.0,0.0,280.0,0.0,16.0,260.0,7.0,1.0,1.0,False,False,False,0.0,16.0,normal
85.0,10,3,0.15,0.76,0.38,3.81,0.0,12.9,6.3,0.0,248.0,70.0,1.0,1.0,False,False,False,0.0,19.0,normal
88.0,2,1,0.18,0.76,5.22,5.09,3.5,260.5,2.7,32.0,228.0,14.0,1.0,1.0,False,False,False,0.0,8.0,normal
90.0,2,1,0.12,0.76,1.99,5.09,4.0,48.5,2.7,112.0,456.0,14.0,1.0,1.0,False,False,False,0.0,10.0,normal
91.0,2,1,0.19,0.76,1.63,3.63,5.0,15.5,10.06,16.0,204.0,14.0,1.0,1.0,False,False,False,0.0,12.0,normal
92.0,2,1,0.08,0.74,1.79,5.09,4.0,1.0,2.7,32.0,228.0,14.0,1.0,1.0,False,False,False,0.0,14.0,normal
93.0,1,1,0.15,0.74,2.4,0.0,1.0,57.0,0.0,0.0,264.0,7.0,1.0,1.0,False,False,False,0.0,15.0,normal
95.0,2,1,0.04,0.74,2.75,0.0,1.0,77.0,0.0,16.0,64.0,14.0,1.0,1.0,False,False,False,0.0,17.0,normal
96.0,1,0,0.0,0.74,3.95,0.0,0.0,202.0,0.0,16.0,36.0,7.0,1.0,1.0,False,False,False,0.0,18.0,normal
97.0,1,0,0.04,0.74,3.78,0.0,8.0,61.0,0.0,116.0,12.0,7.0,1.0,1.0,False,False,False,0.0,19.0,normal
98.0,58,3,0.0,0.73,0.06,3.18,0.1,1.24,5.53,16.0,324.0,406.0,1.0,1.0,False,False,False,495.0,19.0,normal
100.0,22,3,0.08,0.75,0.23,4.2,0.5,7.45,6.65,0.0,5124.0,154.0,1.0,1.0,False,False,False,396.0,19.0,normal
101.0,4,1,0.0,0.74,1.02,2.54,0.0,36.25,1.93,63.5,5172.0,28.0,1.0,1.0,False,False,False,36.0,3.0,normal
103.0,4,1,0.04,0.74,1.0,1.82,0.0,39.75,5.61,96.0,4392.0,28.0,1.0,1.0,False,False,False,0.0,7.0,normal
104.0,1,1,0.04,0.74,3.47,0.0,0.0,148.0,0.0,0.0,3076.0,7.0,1.0,1.0,False,False,False,0.0,8.0,normal
105.0,1,1,0.0,0.74,3.15,0.0,0.0,179.0,0.0,0.0,3076.0,7.0,1.0,1.0,False,False,False,0.0,9.0,normal
106.0,2,1,0.04,0.74,1.58,0.0,3.5,0.0,0.0,0.0,2624.0,14.0,1.0,1.0,False,False,False,0.0,11.0,normal
107.0,1,1,0.0,0.74,3.36,0.0,7.0,71.0,0.0,0.0,2144.0,7.0,1.0,1.0,False,False,False,0.0,12.0,normal
108.0,2,0,0.0,0.74,1.19,0.0,2.0,25.0,0.0,0.0,2048.0,14.0,1.0,1.0,False,False,False,0.0,14.0,normal
109.0,2,1,0.0,0.74,1.48,0.0,0.0,53.0,1.16,0.0,2048.0,14.0,1.0,1.0,False,False,False,0.0,16.0,normal
110.0,1,1,0.08,0.74,3.51,0.0,0.0,184.0,0.0,2528.0,23464.0,7.0,1.0,1.0,False,False,False,0.0,17.0,normal
111.0,6,5,0.04,0.74,0.59,0.0,1.0,17.33,0.0,48.0,280.0,42.0,1.0,1.0,False,False,False,0.0,19.0,normal
113.0,24,3,0.07,0.74,0.21,3.47,0.25,5.62,7.27,16.0,148.0,168.0,1.0,1.0,False,False,False,24.0,19.0,normal
115.0,24,3,0.07,0.74,0.31,3.32,0.33,9.25,5.57,34.67,512.0,168.0,1.0,1.0,False,False,False,7.0,19.0,normal
117.0,2,0,0.04,0.74,2.05,0.0,0.5,64.0,1.16,0.0,2048.0,14.0,1.0,1.0,False,False,False,0.0,13.0,normal
118.0,8,1,0.05,0.74,0.56,4.19,1.25,6.62,0.07,0.0,2180.0,56.0,1.0,1.0,False,False,False,0.0,19.0,normal
119.0,8,1,0.2,0.74,0.43,4.19,1.5,8.12,0.07,0.0,0.0,56.0,1.0,1.0,False,False,False,0.0,9.0,normal
121.0,12,1,0.05,0.73,0.41,2.79,0.67,2.92,0.05,64.0,12709.33,84.0,1.0,1.0,False,False,False,0.0,19.0,normal
122.0,7,1,0.04,0.73,0.47,5.58,1.0,8.57,11.86,16.0,136.0,49.0,1.0,1.0,False,False,False,5.0,8.0,normal
123.0,6,1,0.04,0.73,0.51,6.51,1.33,8.0,12.16,16.0,19112.0,42.0,1.0,1.0,False,False,False,6.0,14.0,normal
124.0,1,1,0.0,0.73,2.6,0.0,4.0,43.0,0.0,40.0,180.0,7.0,1.0,1.0,False,False,False,1.0,15.0,normal
125.0,2,2,0.12,0.73,2.05,2.1,0.0,103.0,0.04,0.0,52.0,14.0,1.0,1.0,False,False,False,1.0,17.0,normal
128.0,1,1,0.04,0.74,6.37,4.33,22.0,19.0,0.07,16.0,1084.0,7.0,1.0,1.0,False,False,False,0.0,18.0,normal
129.0,6,1,0.05,0.73,0.85,4.33,1.33,23.5,0.07,0.0,117.33,42.0,1.0,1.0,False,False,False,0.0,19.0,normal
130.0,8,1,0.23,0.73,0.43,4.33,1.0,0.0,0.07,4.0,144.0,56.0,1.0,1.0,False,False,False,0.0,12.0,normal
131.0,2,1,0.0,0.74,0.41,4.33,1.0,0.0,0.07,0.0,0.0,14.0,1.0,1.0,False,False,False,0.0,14.0,normal
133.0,8,1,0.0,0.73,0.73,4.33,1.12,15.12,0.07,0.0,32.0,56.0,1.0,1.0,False,False,False,0.0,19.0,normal
134.0,6,1,0.07,0.73,0.61,4.33,2.0,0.33,0.07,0.0,132.0,42.0,1.0,1.0,False,False,False,0.0,8.0,normal
135.0,2,1,0.04,0.74,1.81,4.33,4.5,11.5,0.07,0.0,124.0,14.0,1.0,1.0,False,False,False,0.0,10.0,normal
136.0,5,1,0.0,0.73,0.78,0.0,1.0,12.6,0.0,0.0,56.0,35.0,1.0,1.0,False,False,False,0.0,15.0,normal
137.0,2,2,0.17,0.73,1.61,3.97,0.0,70.5,6.58,0.0,174.0,14.0,1.0,1.0,False,False,False,0.0,17.0,normal
142.0,1,1,0.08,0.74,13.52,3.63,0.0,719.0,10.06,48.0,272.0,7.0,1.0,1.0,False,False,False,0.0,18.0,normal
144.0,2,1,0.04,0.74,2.98,0.0,1.5,103.0,0.0,32.0,300.0,14.0,1.0,1.0,False,False,False,0.0,19.0,normal
149.0,2,1,0.08,0.74,7.91,7.92,1.5,130.5,4.21,16.0,152.0,14.0,1.0,1.0,False,False,False,0.0,2.0,normal
153.0,2,1,0.09,0.75,6.28,0.0,7.0,212.5,0.0,264.0,794.0,14.0,1.0,1.0,False,False,False,0.0,4.0,normal
154.0,1,0,0.0,0.75,3.07,0.0,0.0,136.0,0.0,64.0,408.0,7.0,1.0,1.0,False,False,False,0.0,5.0,normal
155.0,1,0,0.0,0.75,2.29,0.0,9.0,0.0,0.0,96.0,604.0,7.0,1.0,1.0,False,False,False,0.0,6.0,normal
156.0,2,1,0.0,0.75,1.72,4.33,3.5,12.5,0.07,64.0,336.0,14.0,1.0,1.0,False,False,False,0.0,8.0,normal
157.0,2,1,0.04,0.75,1.6,4.33,4.0,50.0,0.07,0.0,192.0,14.0,1.0,1.0,False,False,False,0.0,10.0,normal
159.0,2,1,0.0,0.75,1.97,4.33,5.5,11.0,0.07,0.0,60.0,14.0,1.0,1.0,False,False,False,0.0,12.0,normal
160.0,2,1,0.04,0.75,2.02,4.33,6.0,1.0,0.07,0.0,168.0,14.0,1.0,1.0,False,False,False,0.0,14.0,normal
161.0,4,1,0.13,0.75,0.54,2.16,1.5,0.0,0.04,16.0,316.0,28.0,1.0,1.0,False,False,False,0.0,18.0,normal
163.0,1,1,0.0,0.76,5.57,2.56,21.0,18.0,0.01,16.0,348.0,7.0,1.0,1.0,False,False,False,0.0,19.0,normal
165.0,1,1,0.11,0.75,6.07,2.56,56.0,0.0,2.95,48.0,232.0,7.0,1.0,1.0,False,False,False,0.0,0.0,normal
167.0,1,1,0.17,0.75,7.78,4.33,10.0,207.0,0.15,0.0,76.0,7.0,1.0,1.0,False,False,False,0.0,1.0,normal
169.0,2,1,0.0,0.75,2.0,0.0,1.0,94.0,0.0,0.0,184.0,14.0,1.0,1.0,False,False,False,0.0,3.0,normal
170.0,4,1,0.18,0.74,0.71,3.21,0.0,26.5,8.23,16.0,76.0,28.0,1.0,1.0,False,False,False,0.0,7.0,normal
171.0,4,1,0.08,0.75,0.97,3.98,0.0,41.5,7.21,16.0,348.0,28.0,1.0,1.0,False,False,False,0.0,11.0,normal
172.0,2,0,0.0,0.75,2.47,0.0,0.0,87.0,0.0,180.0,720.0,14.0,1.0,1.0,False,False,False,0.0,13.0,normal
174.0,12,1,0.04,0.75,0.29,1.87,0.25,11.17,1.11,0.0,100.0,84.0,1.0,1.0,False,False,False,8.0,19.0,normal
176.0,7,1,0.08,0.74,1.19,1.24,0.29,37.0,0.68,0.0,104.0,49.0,1.0,1.0,False,False,False,5.0,12.0,normal
178.0,2,1,0.04,0.74,2.77,2.66,0.0,126.0,0.62,0.0,116.0,14.0,1.0,1.0,False,False,False,2.0,14.0,normal
179.0,1,1,0.09,0.74,1.75,5.32,1.0,0.0,1.23,0.0,192.0,7.0,1.0,1.0,False,False,False,0.0,15.0,normal
182.0,42,3,0.04,0.74,0.22,2.33,0.29,6.76,2.16,0.0,80.0,294.0,1.0,1.0,False,False,False,181.0,19.0,normal
184.0,2,1,0.06,0.74,3.44,0.0,4.0,102.5,0.0,0.0,152.0,14.0,1.0,1.0,False,False,False,0.0,19.0,normal
185.0,2,1,0.17,0.74,0.58,0.0,2.0,0.0,0.0,0.0,84.0,14.0,1.0,1.0,False,False,False,0.0,1.0,normal
186.0,1,1,0.19,0.74,3.56,0.0,8.0,90.0,0.0,0.0,264.0,7.0,1.0,1.0,False,False,False,0.0,2.0,normal
187.0,1,1,0.04,0.74,3.6,2.84,16.0,0.0,0.01,0.0,4.0,7.0,1.0,1.0,False,False,False,0.0,3.0,normal
195.0,1,1,0.0,0.74,23.0,2.0,16.0,437.0,0.0,0.0,392.0,7.0,1.0,1.0,False,False,False,0.0,4.0,normal
197.0,1,1,0.0,0.74,8.33,1.92,8.0,161.0,0.0,0.0,0.0,7.0,1.0,1.0,False,False,False,0.0,5.0,normal
200.0,9,1,0.05,0.74,0.95,1.27,1.11,33.78,0.52,0.0,111.56,63.0,1.0,1.0,False,False,False,0.0,14.0,normal
202.0,3,1,0.0,0.74,2.21,2.42,3.0,70.33,6.71,48.0,112.0,21.0,1.0,1.0,False,False,False,0.0,17.0,normal
203.0,1,1,0.11,0.74,2.23,0.0,0.0,103.0,0.0,0.0,0.0,7.0,1.0,1.0,False,False,False,0.0,18.0,normal
204.0,1,1,0.07,0.74,2.05,0.0,0.0,112.0,0.0,0.0,192.0,7.0,1.0,1.0,False,False,False,0.0,19.0,normal
205.0,2,2,0.02,0.74,1.93,3.96,0.0,94.5,2.1,16.0,378.0,14.0,1.0,1.0,False,False,False,0.0,1.0,normal
207.0,4,2,0.05,0.74,1.72,3.96,2.75,54.0,2.1,16.0,416.0,28.0,1.0,1.0,False,False,False,0.0,5.0,normal
209.0,2,1,0.2,0.74,2.98,0.0,4.0,136.5,0.0,10.0,90.0,14.0,1.0,1.0,False,False,False,0.0,7.0,normal
1007.0,4,2,0.0,0.7,0.01,7.88,2.75,38.0,4.47,0.0,0.0,28.0,1.0,1.0,False,False,False,0.0,4.0,normal
0.0,52,5,0.1,0.71,0.02,5.4,0.12,0.0,3.84,67.85,132.46,364.0,1.0,1.0,False,False,False,0.0,19.0,normal
1.0,4,3,0.05,0.71,1.12,0.0,0.75,39.0,0.0,24.0,954.0,28.0,1.0,1.0,False,False,False,0.0,19.0,normal
2.0,1,1,0.04,0.71,1.33,7.95,0.0,55.0,5.46,32.0,300.0,7.0,1.0,1.0,False,False,False,0.0,1.0,normal
3.0,2,1,0.0,0.72,1.56,2.7,14.0,17.0,0.03,0.0,400.0,14.0,1.0,1.0,False,False,False,1.0,3.0,normal
4.0,1,1,0.21,0.71,2.76,4.39,0.0,123.0,0.07,0.0,320.0,7.0,1.0,1.0,False,False,False,0.0,4.0,normal
6.0,2,2,0.04,0.71,3.94,6.17,9.5,103.0,2.76,48.0,354.0,14.0,1.0,1.0,False,False,False,0.0,6.0,normal
7.0,1,1,0.0,0.71,2.45,7.91,13.0,35.0,5.46,56.0,380.0,7.0,1.0,1.0,False,False,False,0.0,7.0,normal
9.0,3,3,0.08,0.71,1.61,0.0,1.0,69.67,0.0,0.0,112.0,21.0,1.0,1.0,False,False,False,0.0,10.0,normal
10.0,3,1,0.12,0.71,1.17,0.0,1.0,54.0,0.0,0.0,240.0,21.0,1.0,1.0,False,False,False,0.0,13.0,normal
12.0,6,3,0.08,0.71,1.13,4.7,0.67,48.17,7.44,16.0,420.0,42.0,1.0,1.0,False,False,False,1.0,19.0,normal
14.0,2,1,0.0,0.72,2.67,5.09,5.0,56.0,2.7,0.0,40.0,14.0,1.0,1.0,False,False,False,2.0,1.0,normal
15.0,4,1,0.0,0.71,0.82,3.63,3.25,4.25,10.06,0.0,300.0,28.0,1.0,1.0,False,False,False,4.0,5.0,normal
16.0,4,3,0.15,0.71,0.78,0.0,1.75,16.0,0.0,0.0,556.0,28.0,1.0,1.0,False,False,False,4.0,9.0,normal
17.0,3,2,0.2,0.71,1.25,0.0,1.0,41.67,0.0,0.0,228.0,21.0,1.0,1.0,False,False,False,3.0,12.0,normal
18.0,1,1,0.0,0.71,2.41,4.39,1.0,122.0,0.07,0.0,4.0,7.0,1.0,1.0,False,False,False,0.0,13.0,normal
22.0,2,1,0.15,0.72,6.02,2.94,59.0,8.5,0.38,0.0,168.0,14.0,1.0,1.0,False,False,False,0.0,15.0,normal
26.0,1,0,0.0,0.74,12.47,0.0,8.0,525.0,0.0,64.0,148.0,7.0,1.0,1.0,False,False,False,0.0,16.0,normal
27.0,15,4,0.08,0.73,0.19,2.79,0.8,1.4,2.8,25.6,316.8,105.0,1.0,1.0,False,False,False,17.0,19.0,normal
29.0,4,1,0.07,0.74,1.03,0.0,1.0,38.25,0.0,0.0,216.0,28.0,1.0,1.0,False,False,False,12.0,15.0,normal
30.0,4,1,0.0,0.73,1.0,0.0,2.25,23.25,0.0,0.0,252.0,28.0,1.0,1.0,False,False,False,12.0,19.0,normal
32.0,6,4,0.0,0.73,1.08,0.0,1.0,45.5,0.0,0.0,64.0,42.0,1.0,1.0,False,False,False,18.0,5.0,normal
33.0,40,2,0.04,0.73,0.07,5.8,0.4,0.98,3.39,0.0,124.0,280.0,1.0,1.0,False,False,False,0.0,19.0,normal
34.0,9,2,0.04,0.73,0.28,0.0,0.67,6.56,0.0,0.0,372.0,63.0,1.0,1.0,False,False,False,0.0,14.0,normal
35.0,8,2,0.04,0.72,0.5,5.8,1.88,12.12,3.39,0.0,204.0,56.0,1.0,1.0,False,False,False,0.0,19.0,normal
37.0,6,2,0.27,0.71,0.6,6.04,3.17,4.0,3.62,0.0,0.0,42.0,1.0,1.0,False,False,False,0.0,8.0,normal
38.0,2,1,0.69,0.71,1.26,0.0,2.0,25.5,0.0,16.0,192.0,14.0,1.0,1.0,False,False,False,0.0,10.0,normal
42.0,3,2,0.0,0.72,4.12,0.0,1.0,150.0,0.0,0.0,0.0,21.0,1.0,1.0,False,False,False,0.0,13.0,normal
43.0,3,2,0.18,0.72,1.77,0.0,1.0,27.67,0.0,0.0,112.0,21.0,1.0,1.0,False,False,False,0.0,16.0,normal
53.0,6,2,0.0,0.72,5.02,4.6,6.5,120.83,5.15,0.0,96.0,48.0,1.0,1.0,False,False,True,0.0,19.0,normal
55.0,3,1,0.04,0.72,1.08,0.0,2.33,11.33,0.0,0.0,0.0,24.0,1.0,1.0,False,False,True,0.0,5.0,normal
57.0,1,1,0.0,0.72,8.38,4.39,0.0,666.0,0.07,0.0,132.0,8.0,1.0,1.0,False,False,True,0.0,6.0,normal
58.0,1,1,0.12,0.72,3.4,4.39,13.0,15.0,0.28,0.0,4.0,8.0,1.0,1.0,False,False,True,0.0,7.0,normal
63.0,2,1,0.04,0.71,7.02,4.39,11.0,193.0,0.07,228.5,128.0,16.0,1.0,1.0,False,False,True,0.0,9.0,normal
66.0,2,1,0.0,0.71,4.18,4.39,10.5,45.5,0.28,0.0,116.0,16.0,1.0,1.0,False,False,True,0.0,11.0,normal
69.0,2,1,0.04,0.7,5.21,7.95,9.5,92.5,5.46,0.0,12200.0,16.0,1.0,1.0,False,False,True,0.0,13.0,normal
70.0,1,1,0.11,0.69,2.35,0.0,1.0,64.0,0.0,0.0,268.0,8.0,1.0,1.0,False,False,True,0.0,14.0,normal
71.0,20,3,0.26,0.69,0.14,3.73,0.55,1.65,4.13,22.4,56.0,160.0,1.0,1.0,False,False,True,29.0,19.0,normal
72.0,4,2,0.11,0.7,0.67,0.0,1.0,13.0,0.0,0.0,360.0,32.0,1.0,1.0,False,False,True,8.0,18.0,normal
73.0,4,3,0.12,0.7,0.66,0.0,1.0,19.0,0.0,0.0,112.0,32.0,1.0,1.0,False,False,True,8.0,19.0,normal
74.0,20,4,0.0,0.7,0.22,4.23,0.85,1.1,4.63,48.0,192.0,160.0,1.0,1.0,False,False,True,4.0,19.0,normal
78.0,1,1,0.0,0.7,10.37,3.63,0.0,703.0,10.06,0.0,128.0,8.0,1.0,1.0,False,False,True,0.0,3.0,normal
79.0,2,2,0.0,0.7,2.37,0.0,1.0,105.0,0.0,16.0,140.0,16.0,1.0,1.0,False,False,True,0.0,5.0,normal
80.0,4,3,0.0,0.7,0.68,0.0,1.0,20.5,0.0,104.0,540.0,32.0,1.0,1.0,False,False,True,0.0,9.0,normal
82.0,8,4,0.02,0.71,0.81,0.0,1.5,20.12,0.0,20.0,238.0,64.0,1.0,1.0,False,False,True,0.0,17.0,normal
84.0,2,1,0.08,0.7,2.29,3.63,6.0,57.5,10.06,0.0,344.0,16.0,1.0,1.0,False,False,True,0.0,19.0,normal
85.0,2,1,0.08,0.7,1.58,3.63,6.0,1.0,10.06,0.0,600.0,16.0,1.0,1.0,False,False,True,0.0,1.0,normal
87.0,2,1,0.04,0.7,3.35,3.63,10.5,1.0,10.06,16.0,416.0,16.0,1.0,1.0,False,False,True,0.0,3.0,normal
91.0,2,1,0.23,0.7,5.14,5.09,12.5,1.0,2.7,0.0,264.0,16.0,1.0,1.0,False,False,True,0.0,5.0,normal
93.0,2,1,0.0,0.7,3.13,5.09,8.5,9.0,2.7,0.0,164.0,16.0,1.0,1.0,False,False,True,0.0,7.0,normal
94.0,32,3,0.18,0.7,0.14,3.88,0.47,1.81,3.88,26.0,702.88,256.0,1.0,1.0,False,False,True,4.0,19.0,normal
95.0,8,3,0.23,0.7,0.3,0.0,0.75,6.88,0.0,0.0,508.0,64.0,1.0,1.0,False,False,True,0.0,7.0,normal
96.0,4,2,0.0,0.7,0.97,0.0,2.5,19.5,0.0,0.0,292.0,32.0,1.0,1.0,False,False,True,0.0,11.0,normal
98.0,8,2,0.0,0.7,0.67,2.2,0.0,24.75,0.67,0.0,192.0,64.0,1.0,1.0,False,False,True,0.0,19.0,normal
428.0,2,1,0.04,0.74,0.02,7.95,7.5,93.0,4.58,0.0,96.0,14.0,1.0,1.0,False,True,True,0.0,2.0,normal
429.0,2,1,0.04,0.74,1.48,7.93,4.5,1.0,4.84,32.0,220.0,14.0,1.0,1.0,False,True,True,0.0,4.0,normal
0.0,2,1,0.04,0.73,1.53,7.95,3.5,1.0,9.16,0.0,0.0,14.0,1.0,1.0,False,True,True,0.0,6.0,normal
1.0,48,3,0.04,0.73,0.07,7.42,0.33,0.0,4.59,16.0,124.0,336.0,1.0,1.0,False,True,True,0.0,19.0,normal
2.0,8,2,0.08,0.74,0.54,0.0,1.0,16.0,0.0,16.0,560.0,56.0,1.0,1.0,False,True,True,0.0,19.0,normal
3.0,4,2,0.0,0.74,0.75,0.0,1.0,20.25,0.0,0.0,0.0,28.0,1.0,1.0,False,True,True,0.0,6.0,normal
5.0,8,1,0.0,0.74,0.48,0.0,1.0,13.25,0.0,0.0,216.0,56.0,1.0,1.0,False,True,True,0.0,14.0,normal
6.0,5,3,0.25,0.74,0.91,0.0,2.2,17.4,0.0,0.0,532.0,35.0,1.0,1.0,False,True,True,0.0,19.0,normal
8.0,6,2,0.0,0.74,0.89,6.77,2.83,14.5,6.13,56.0,180.0,42.0,1.0,1.0,False,True,True,0.0,5.0,normal
12.0,1,1,0.07,0.74,13.62,7.95,3.0,701.0,9.16,0.0,280.0,7.0,1.0,1.0,False,True,True,0.0,6.0,normal
14.0,1,1,0.12,0.74,3.93,0.0,0.0,200.0,0.0,32.0,380.0,7.0,1.0,1.0,False,True,True,0.0,7.0,normal
15.0,1,1,0.0,0.74,2.79,0.0,0.0,130.0,0.0,0.0,20.0,7.0,1.0,1.0,False,True,True,0.0,8.0,normal
16.0,83,3,0.37,0.75,0.07,4.81,0.31,0.71,7.18,1313.93,555.18,581.0,1.0,1.0,False,True,True,216.0,19.0,normal
17.0,23,3,0.37,0.75,0.12,0.0,0.48,2.52,0.0,164.0,12420.0,161.0,1.0,1.0,False,True,True,69.0,19.0,normal
19.0,1,1,0.16,0.75,5.02,0.0,0.0,102.0,0.0,0.0,508.0,7.0,1.0,1.0,False,True,True,3.0,15.0,normal
20.0,1,1,0.22,0.74,3.37,0.0,0.0,134.0,0.0,16.0,144.0,7.0,1.0,1.0,False,True,True,3.0,16.0,normal
21.0,2,2,0.02,0.74,1.52,0.0,0.0,59.5,0.0,0.0,156.0,14.0,1.0,1.0,False,True,True,6.0,18.0,normal
22.0,1,1,0.93,0.74,1.78,0.0,0.0,81.0,0.0,0.0,0.0,7.0,1.0,1.0,False,True,True,3.0,19.0,normal
23.0,6,2,0.04,0.74,0.73,6.04,1.83,15.83,3.62,0.0,244.0,42.0,1.0,1.0,False,True,True,18.0,5.0,normal
24.0,1,1,0.07,0.74,1.23,7.95,0.0,59.0,5.46,4.0,80.0,7.0,1.0,1.0,False,True,True,0.0,6.0,normal
25.0,1,1,0.11,0.75,4.49,7.91,17.0,18.0,5.46,0.0,508.0,7.0,1.0,1.0,False,True,True,0.0,7.0,normal
27.0,1,1,0.04,0.74,5.38,4.19,0.0,302.0,0.07,32.0,256.0,7.0,1.0,1.0,False,True,True,0.0,8.0,normal
28.0,1,1,0.0,0.74,2.2,6.47,6.0,27.0,6.02,12.0,308.0,7.0,1.0,1.0,False,True,True,0.0,9.0,normal
32.0,2,1,0.22,0.74,6.67,3.98,0.0,215.5,7.91,16.0,190.0,14.0,1.0,1.0,False,True,True,0.0,11.0,normal
33.0,1,1,0.04,0.75,2.29,7.96,1.0,21.0,15.82,48.0,3320.0,7.0,1.0,1.0,False,True,True,0.0,12.0,normal
34.0,4,2,0.04,0.75,1.0,7.21,1.5,10.75,7.59,0.0,3400.0,28.0,1.0,1.0,False,True,True,0.0,16.0,normal
35.0,25,4,0.0,0.75,0.11,3.93,0.32,0.0,6.75,0.0,0.0,175.0,1.0,1.0,False,True,True,76.0,19.0,normal
36.0,8,2,0.39,0.76,0.32,6.69,1.0,2.88,6.1,16.0,25960.0,56.0,1.0,1.0,False,True,True,56.0,9.0,normal
37.0,4,2,0.0,0.75,0.84,0.0,1.0,23.0,0.0,16.0,7200.0,28.0,1.0,1.0,False,True,True,28.0,13.0,normal
38.0,3,2,0.0,0.76,1.04,0.0,1.0,31.0,0.0,48.0,11252.0,21.0,1.0,1.0,False,True,True,21.0,16.0,normal
39.0,4,2,0.0,0.75,0.69,0.0,1.0,26.0,0.0,0.0,5120.0,28.0,1.0,1.0,False,True,True,28.0,19.0,normal
40.0,10,4,0.08,0.75,0.35,0.0,1.0,9.1,0.0,0.0,4668.0,70.0,1.0,1.0,False,True,True,70.0,10.0,normal
41.0,5,3,0.18,0.75,0.51,0.0,1.0,16.6,0.0,0.0,4128.0,35.0,1.0,1.0,False,True,True,35.0,15.0,normal
42.0,3,2,0.04,0.75,0.72,0.0,1.0,22.33,0.0,0.0,0.0,21.0,1.0,1.0,False,True,True,21.0,18.0,normal
43.0,1,1,0.0,0.75,3.3,0.0,0.0,214.0,0.0,0.0,3072.0,7.0,1.0,1.0,False,True,True,7.0,19.0,normal
44.0,1,1,0.0,0.75,2.09,0.0,7.0,0.0,0.0,0.0,0.0,7.0,1.0,1.0,False,True,True,7.0,0.0,normal
45.0,2,1,0.11,0.75,2.8,0.0,2.5,78.5,0.0,72.0,1752.0,14.0,1.0,1.0,False,True,True,14.0,2.0,normal
46.0,4,1,0.08,0.75,0.8,3.63,1.5,13.25,10.06,0.0,1600.0,28.0,1.0,1.0,False,True,True,28.0,6.0,normal
49.0,39,7,0.01,0.74,0.23,4.65,0.18,8.41,6.03,7.38,4437.54,273.0,1.0,1.0,False,True,True,179.0,19.0,normal
51.0,4,2,0.08,0.75,1.47,1.1,1.0,37.25,0.02,0.0,825.0,28.0,1.0,1.0,False,True,True,0.0,9.0,normal
52.0,1,1,0.04,0.76,2.7,4.39,11.0,0.0,0.21,0.0,3680.0,7.0,1.0,1.0,False,True,True,0.0,10.0,normal
53.0,2,1,0.02,0.76,1.45,4.39,6.0,8.0,0.39,24.0,1694.0,14.0,1.0,1.0,False,True,True,0.0,12.0,normal
54.0,1,1,0.08,0.76,1.32,4.39,6.0,0.0,0.56,0.0,3292.0,7.0,1.0,1.0,False,True,True,0.0,13.0,normal
56.0,1,1,0.0,0.76,5.78,4.39,30.0,0.0,1.37,0.0,2100.0,7.0,1.0,1.0,False,True,True,0.0,14.0,normal
57.0,1,1,0.22,0.76,3.71,6.47,1.0,130.0,6.02,0.0,2048.0,7.0,1.0,1.0,False,True,True,0.0,15.0,normal
58.0,2,1,0.11,0.76,1.4,0.0,2.5,7.5,0.0,88.0,1568.0,14.0,1.0,1.0,False,True,True,1.0,17.0,normal
60.0,1,1,0.12,0.76,5.57,0.0,5.0,234.0,0.0,16.0,144.0,7.0,1.0,1.0,False,True,True,0.0,18.0,normal
61.0,1,1,0.0,0.75,4.37,4.39,0.0,313.0,0.07,0.0,176.0,7.0,1.0,1.0,False,True,True,0.0,19.0,normal
62.0,1,1,0.21,0.75,3.27,4.39,16.0,21.0,0.33,72.0,700.0,7.0,1.0,1.0,False,True,True,0.0,0.0,normal
64.0,1,1,0.0,0.75,4.42,4.19,0.0,170.0,0.07,16.0,336.0,7.0,1.0,1.0,False,True,True,0.0,1.0,normal
65.0,2,1,0.0,0.75,1.99,4.39,5.0,12.5,0.11,0.0,172.0,14.0,1.0,1.0,False,True,True,0.0,3.0,normal
68.0,1,1,0.21,0.76,9.47,4.39,12.0,290.0,0.33,0.0,0.0,7.0,1.0,1.0,False,True,True,0.0,4.0,normal
71.0,2,2,0.12,0.75,3.86,0.0,1.0,198.5,0.0,16.0,164.0,14.0,1.0,1.0,False,True,True,0.0,6.0,normal
72.0,3,3,0.11,0.75,1.07,0.0,1.0,35.67,0.0,0.0,4.0,21.0,1.0,1.0,False,True,True,0.0,9.0,normal
73.0,4,1,0.31,0.75,1.23,3.63,3.5,24.0,10.06,0.0,104.0,28.0,1.0,1.0,False,True,True,0.0,13.0,normal
76.0,2,1,0.21,0.75,3.64,5.09,9.5,21.0,2.7,16.0,88.0,14.0,1.0,1.0,False,True,True,0.0,15.0,normal
79.0,2,1,0.33,0.75,4.22,7.95,10.5,1.0,5.46,0.0,0.0,14.0,1.0,1.0,False,True,True,0.0,17.0,normal
81.0,4,2,0.07,0.75,1.62,5.98,1.0,56.25,3.96,40.38,290.0,28.0,1.0,1.0,False,True,True,1.0,19.0,normal
82.0,36,3,0.0,0.75,0.11,3.64,0.39,0.53,1.47,16.0,620.0,252.0,1.0,1.0,False,True,True,10.0,19.0,normal
83.0,163,5,0.38,0.75,0.02,3.86,0.13,0.0,3.75,62.04,899.53,1141.0,1.0,1.0,False,True,True,949.0,19.0,normal
84.0,12,4,0.37,0.76,0.3,0.0,0.0,7.75,0.0,16.0,19252.0,84.0,1.0,1.0,False,True,True,180.0,12.0,normal
85.0,8,1,0.37,0.76,0.0,0.0,0.0,0.0,0.0,16.0,19252.0,56.0,1.0,1.0,False,True,True,120.0,19.0,normal
86.0,7,1,0.14,0.76,0.47,0.0,1.0,12.71,0.0,0.0,8540.0,49.0,1.0,1.0,False,True,True,0.0,7.0,normal
87.0,5,1,0.04,0.76,0.97,0.0,0.8,26.0,0.0,0.0,5120.0,35.0,1.0,1.0,False,True,True,0.0,12.0,normal
88.0,1,1,0.07,0.76,1.56,0.0,0.0,61.0,0.0,0.0,4.0,7.0,1.0,1.0,False,True,True,0.0,13.0,normal
89.0,1,0,0.07,0.76,2.35,0.0,0.0,149.0,0.0,0.0,4096.0,7.0,1.0,1.0,False,True,True,0.0,14.0,normal
90.0,5,1,0.0,0.75,0.62,0.0,1.0,15.0,0.0,0.0,3076.0,35.0,1.0,1.0,False,True,True,0.0,19.0,normal
91.0,1,1,0.0,0.76,3.02,0.0,5.0,71.0,0.0,0.0,3200.0,7.0,1.0,1.0,False,True,True,0.0,0.0,normal
92.0,6,1,0.12,0.75,0.58,0.0,1.83,11.67,0.0,0.0,3072.0,42.0,1.0,1.0,False,True,True,0.0,6.0,normal
93.0,1,1,0.04,0.76,4.57,1.58,16.0,46.0,0.01,0.0,2048.0,7.0,1.0,1.0,False,True,True,0.0,7.0,normal
95.0,1,1,0.04,0.76,4.15,1.58,26.0,0.0,0.23,16.0,2084.0,7.0,1.0,1.0,False,True,True,0.0,8.0,normal
96.0,1,1,0.12,0.76,4.63,1.58,28.0,0.0,2.12,16.0,2088.0,7.0,1.0,1.0,False,True,True,0.0,9.0,normal
98.0,8,1,0.12,0.75,0.66,3.29,1.0,19.38,0.25,32.0,504.0,56.0,1.0,1.0,False,True,True,0.0,17.0,normal
99.0,4,1,0.04,0.75,0.53,0.0,0.0,21.0,0.0,0.0,24.0,28.0,1.0,1.0,False,True,True,0.0,19.0,normal
100.0,5,1,0.22,0.75,0.63,0.0,1.0,14.8,0.0,0.0,172.0,35.0,1.0,1.0,False,True,True,0.0,6.0,normal
101.0,7,1,0.0,0.75,0.66,3.77,2.0,10.43,0.29,0.0,120.0,49.0,1.0,1.0,False,True,True,0.0,13.0,normal
103.0,14,2,0.0,0.75,0.36,3.33,1.29,1.5,4.43,0.0,152.0,98.0,1.0,1.0,False,True,True,0.0,19.0,normal
104.0,5,1,0.2,0.75,0.64,0.0,2.0,7.0,0.0,0.0,300.0,35.0,1.0,1.0,False,True,True,0.0,12.0,normal
105.0,5,1,0.0,0.75,0.51,0.0,1.0,15.4,0.0,0.0,384.0,35.0,1.0,1.0,False,True,True,0.0,17.0,normal
106.0,5,2,0.07,0.75,0.68,0.0,1.0,17.6,0.0,0.0,292.0,35.0,1.0,1.0,False,True,True,0.0,19.0,normal
107.0,8,3,0.56,0.75,0.35,0.0,1.0,9.75,0.0,0.0,164.0,56.0,1.0,1.0,False,True,True,0.0,10.0,normal
108.0,7,2,0.38,0.75,0.41,0.0,1.0,10.43,0.0,0.0,184.0,49.0,1.0,1.0,False,True,True,0.0,17.0,normal
109.0,3,1,0.0,0.75,0.84,0.0,1.0,21.0,0.0,0.0,0.0,21.0,1.0,1.0,False,True,True,0.0,19.0,normal
110.0,1,1,0.11,0.76,4.12,0.0,5.0,162.0,0.0,0.0,1068.0,7.0,1.0,1.0,False,True,True,0.0,1.0,normal
111.0,1,0,0.0,0.76,2.94,0.0,0.0,161.0,0.0,0.0,216.0,7.0,1.0,1.0,False,True,True,0.0,2.0,normal
112.0,3,0,0.18,0.75,0.67,0.0,2.67,0.0,0.0,16.0,156.0,21.0,1.0,1.0,False,True,True,1.0,5.0,normal
113.0,2,1,0.15,0.75,2.05,0.0,0.5,75.5,0.0,0.0,180.0,14.0,1.0,1.0,False,True,True,1.0,7.0,normal
114.0,2,1,0.04,0.75,0.9,0.0,5.0,0.0,0.0,0.0,264.0,14.0,1.0,1.0,False,True,True,0.0,9.0,normal
115.0,1,1,0.09,0.76,4.63,2.84,19.0,0.0,0.01,0.0,636.0,7.0,1.0,1.0,False,True,True,0.0,10.0,normal
116.0,1,1,0.26,0.76,2.37,2.84,19.0,0.0,0.23,16.0,236.0,7.0,1.0,1.0,False,True,True,0.0,11.0,normal
118.0,3,1,0.0,0.75,2.24,1.51,0.0,113.67,0.09,0.0,0.0,21.0,1.0,1.0,False,True,True,0.0,14.0,normal
119.0,1,1,0.15,0.75,0.73,4.52,1.0,0.0,0.28,0.0,112.0,7.0,1.0,1.0,False,True,True,1.0,15.0,normal
121.0,3,0,0.12,0.75,2.91,0.0,0.33,116.67,0.77,10.67,108.0,21.0,1.0,1.0,False,True,True,1.0,18.0,normal
123.0,2,1,0.11,0.75,1.88,0.0,0.5,82.5,0.0,0.0,172.0,14.0,1.0,1.0,False,True,True,0.0,19.0,normal
124.0,1,1,0.32,0.76,3.01,1.52,9.0,19.0,0.0,88.0,528.0,7.0,1.0,1.0,False,True,True,0.0,1.0,normal
125.0,2,1,0.0,0.75,2.51,0.0,0.0,132.5,1.16,0.0,140.0,14.0,1.0,1.0,False,True,True,0.0,3.0,normal
127.0,152,3,0.7,0.76,0.04,4.46,0.11,1.34,7.82,27.79,184.21,1064.0,1.0,1.0,False,True,True,2275.0,19.0,normal
128.0,21,1,0.8,0.76,0.01,4.03,0.0,0.0,8.56,5634.0,132209.33,147.0,1.0,1.0,False,True,True,966.0,19.0,normal
129.0,24,2,0.24,0.76,0.24,0.0,0.92,5.42,0.0,2328.79,5129.33,168.0,1.0,1.0,False,True,True,0.0,19.0,normal
131.0,4,1,0.0,0.76,1.05,0.0,2.25,23.5,0.0,0.0,6092.0,28.0,1.0,1.0,False,True,True,0.0,4.0,normal
132.0,2,1,0.02,0.76,2.46,0.0,4.5,103.5,0.0,0.0,4098.0,14.0,1.0,1.0,False,True,True,0.0,6.0,normal
133.0,6,1,0.14,0.75,0.25,0.0,1.33,0.0,0.0,0.0,448.0,42.0,1.0,1.0,False,True,True,0.0,12.0,normal
135.0,3,1,0.11,0.75,2.12,0.0,4.67,61.33,0.0,0.0,4420.0,21.0,1.0,1.0,False,True,True,0.0,15.0,normal
136.0,19,1,0.3,0.75,0.22,0.0,0.74,2.11,0.0,0.0,3027.79,133.0,1.0,1.0,False,True,True,0.0,19.0,normal
137.0,23,3,0.07,0.75,0.11,1.52,0.43,1.35,2.22,0.0,1424.7,161.0,1.0,1.0,False,True,True,0.0,19.0,normal
138.0,4,3,0.0,0.75,0.46,0.0,0.0,10.25,0.0,0.0,2048.0,28.0,1.0,1.0,False,True,True,0.0,19.0,normal
142.0,1,1,0.11,0.77,13.32,1.58,22.0,437.0,0.01,0.0,156.0,7.0,1.0,1.0,False,True,True,0.0,2.0,normal
144.0,1,1,0.0,0.77,5.57,1.58,14.0,116.0,0.03,64.0,576.0,7.0,1.0,1.0,False,True,True,0.0,3.0,normal
146.0,3,1,0.13,0.76,1.68,0.0,1.0,54.0,0.0,0.0,124.0,21.0,1.0,1.0,False,True,True,0.0,6.0,normal
149.0,52,1,0.0,0.76,0.16,7.78,0.12,5.56,5.51,0.0,116.0,364.0,1.0,1.0,False,True,True,0.0,19.0,normal
150.0,53,1,0.0,0.76,0.07,7.79,0.15,1.19,5.52,0.0,804.0,371.0,1.0,1.0,False,True,True,1.0,19.0,normal
152.0,10,1,0.17,0.75,0.58,0.0,2.0,7.9,0.0,16.0,316.0,70.0,1.0,1.0,False,True,True,10.0,19.0,normal
153.0,6,1,0.0,0.74,0.66,0.0,1.83,12.5,0.0,16.0,228.0,42.0,1.0,1.0,False,True,True,6.0,7.0,normal
154.0,7,1,0.0,0.74,0.41,0.0,1.0,9.0,0.0,16.0,132.0,49.0,1.0,1.0,False,True,True,7.0,14.0,normal
155.0,100,4,0.28,0.74,0.03,3.95,0.16,0.32,4.0,16.0,232.0,700.0,1.0,1.0,False,True,True,54.0,19.0,normal
156.0,16,3,0.14,0.75,0.12,3.62,0.0,3.81,3.12,224.0,6572.0,112.0,1.0,1.0,False,True,True,0.0,19.0,normal
157.0,4,1,0.07,0.75,1.04,0.0,1.0,26.25,0.0,0.0,736.0,28.0,1.0,1.0,False,True,True,0.0,14.0,normal
158.0,8,2,0.0,0.74,0.34,0.0,1.0,8.5,0.0,0.0,52.0,56.0,1.0,1.0,False,True,True,0.0,19.0,normal
159.0,8,2,0.11,0.74,0.39,0.0,1.0,10.88,0.0,0.0,180.0,56.0,1.0,1.0,False,True,True,0.0,10.0,normal
161.0,6,1,0.0,0.74,0.88,7.91,2.5,17.33,3.93,64.0,456.0,42.0,1.0,1.0,False,True,True,0.0,16.0,normal
162.0,2,1,0.17,0.74,2.05,7.9,5.0,1.0,3.33,0.0,256.0,14.0,1.0,1.0,False,True,True,0.0,18.0,normal
163.0,2,1,0.16,0.74,1.6,7.93,4.0,1.0,5.13,0.0,0.0,14.0,1.0,1.0,False,True,True,0.0,19.0,normal
165.0,2,1,0.0,0.74,2.33,7.93,7.5,1.0,5.13,0.0,0.0,14.0,1.0,1.0,False,True,True,0.0,2.0,normal
166.0,2,1,0.04,0.74,1.71,7.94,6.0,1.0,6.43,120.0,388.0,14.0,1.0,1.0,False,True,True,0.0,4.0,normal
167.0,2,1,0.04,0.74,1.25,0.0,1.0,24.5,0.0,0.0,88.0,14.0,1.0,1.0,False,True,True,0.0,6.0,normal
168.0,3,1,0.07,0.74,0.99,0.0,1.0,35.0,0.0,16.0,216.0,21.0,1.0,1.0,False,True,True,0.0,9.0,normal
169.0,8,1,0.12,0.74,0.54,7.93,1.62,11.12,5.66,0.0,204.0,56.0,1.0,1.0,False,True,True,0.0,17.0,normal
170.0,4,1,0.04,0.74,0.42,0.0,0.0,8.0,0.0,80.0,456.0,28.0,1.0,1.0,False,True,True,0.0,19.0,normal
171.0,9,2,0.15,0.74,0.44,0.0,1.44,8.67,0.0,0.0,176.0,63.0,1.0,1.0,False,True,True,0.0,10.0,normal
172.0,6,3,0.07,0.74,0.48,0.0,1.0,15.17,0.0,0.0,240.0,42.0,1.0,1.0,False,True,True,0.0,16.0,normal
173.0,5,1,0.12,0.74,0.69,0.0,1.0,18.4,0.0,16.0,328.0,35.0,1.0,1.0,False,True,True,0.0,19.0,normal
180.0,5,2,0.08,0.74,4.23,0.0,5.0,103.6,0.0,0.0,72.0,50.0,1.0,1.0,True,False,True,0.0,6.0,normal
181.0,4,1,0.06,0.74,0.65,3.82,1.5,7.25,2.7,0.0,82.0,40.0,1.0,1.0,True,False,True,0.0,10.0,normal
182.0,2,1,0.08,0.74,1.48,5.09,4.5,26.0,2.7,0.0,180.0,20.0,1.0,1.0,True,False,True,0.0,12.0,normal
183.0,12,1,0.13,0.74,0.29,2.12,1.0,3.33,1.8,12.0,154.33,120.0,1.0,1.0,True,False,True,13.0,19.0,normal
184.0,4,2,0.0,0.74,0.59,0.0,1.0,14.25,0.0,0.0,64.0,40.0,1.0,1.0,True,False,True,6.0,8.0,normal
185.0,3,1,0.07,0.74,0.76,0.0,1.0,20.0,0.0,56.0,284.0,30.0,1.0,1.0,True,False,True,0.0,11.0,normal
186.0,20,2,0.0,0.74,0.2,0.91,0.7,3.2,4.02,0.0,228.0,200.0,1.0,1.0,True,False,True,17.0,19.0,normal
187.0,7,2,0.0,0.74,0.32,0.0,0.71,6.86,0.0,16.0,3656.0,70.0,1.0,1.0,True,False,True,14.0,18.0,normal
189.0,9,3,0.0,0.75,0.73,5.3,1.0,16.67,8.76,40.0,1254.67,90.0,1.0,1.0,True,False,True,3.0,19.0,normal
192.0,6,3,0.12,0.75,1.33,2.91,1.83,0.0,4.25,0.0,0.0,60.0,1.0,1.0,True,False,True,6.0,13.0,normal
193.0,3,3,0.16,0.75,0.88,0.0,0.0,35.33,0.0,16.0,1384.0,30.0,1.0,1.0,True,False,True,3.0,16.0,normal
194.0,4,3,0.0,0.74,0.69,0.0,1.0,15.25,0.0,0.0,0.0,40.0,1.0,1.0,True,False,True,3.0,19.0,normal
195.0,6,2,0.23,0.74,0.82,2.42,1.33,15.67,6.71,0.0,0.0,60.0,1.0,1.0,True,False,True,0.0,6.0,normal
196.0,3,2,0.15,0.75,0.54,0.0,0.0,22.67,0.0,0.0,2280.0,30.0,1.0,1.0,True,False,True,0.0,9.0,normal
197.0,18,2,0.18,0.75,0.2,2.22,0.61,3.83,6.71,0.0,1581.33,180.0,1.0,1.0,True,False,True,0.0,19.0,normal
198.0,7,2,0.0,0.75,0.3,0.0,0.71,5.0,0.0,0.0,4536.0,70.0,1.0,1.0,True,False,True,0.0,14.0,normal
199.0,4,3,0.04,0.75,0.61,0.0,1.0,15.75,0.0,0.0,288.0,40.0,1.0,1.0,True,False,True,0.0,18.0,normal
200.0,12,2,0.28,0.74,0.36,1.51,0.92,6.92,5.03,0.0,132.0,120.0,1.0,1.0,True,False,True,0.0,19.0,normal
201.0,4,2,0.08,0.74,0.71,0.0,1.5,13.5,0.0,0.0,4.0,40.0,1.0,1.0,True,False,True,0.0,14.0,normal
357.0,9,2,0.08,0.77,0.01,1.62,1.0,23.56,5.59,16.0,376.0,63.0,1.0,1.0,True,False,True,7.0,9.0,normal
707.0,1,1,0.44,0.75,0.0,0.0,20.0,504.0,0.0,444.0,236.0,7.0,1.0,0.0,False,False,False,0.0,1.0,normal
708.0,3,2,0.54,0.78,1.03,2.66,0.0,0.0,5.27,0.0,0.0,33.0,0.0,0.0,True,True,True,0.0,4.0,normal
0.0,3,1,0.54,0.78,0.0,0.0,0.0,0.0,0.0,0.0,0.0,33.0,0.0,0.0,True,True,True,0.0,7.0,anomaly
1.0,88,8,0.01,0.79,0.06,3.74,0.0,0.0,2.74,751.77,3316.45,968.0,0.0,0.0,True,True,True,131.0,19.0,anomaly
2.0,89,1,0.51,0.81,0.03,7.98,0.0,0.0,13.23,166.39,7418.43,979.0,0.0,0.0,True,True,True,4362.0,19.0,anomaly
3.0,6,2,0.48,0.82,0.24,1.33,0.0,0.0,2.65,188.0,7584.0,66.0,0.0,0.0,True,True,True,0.0,10.0,anomaly
4.0,2,1,0.04,0.81,2.42,3.0,0.0,0.0,2.17,0.0,1596.0,22.0,0.0,0.0,True,True,True,0.0,12.0,anomaly
6.0,8,1,0.08,0.81,0.82,3.75,0.0,0.0,2.85,0.0,4.0,88.0,0.0,0.0,True,True,True,3.0,19.0,anomaly
7.0,5,2,0.79,0.8,0.23,1.6,0.0,0.0,1.05,1336.0,4.0,55.0,0.0,0.0,True,True,True,10.0,5.0,anomaly
10.0,6,2,0.0,0.8,1.43,3.99,0.0,16.0,1.99,0.0,3312.0,66.0,0.0,0.0,True,True,True,13.0,11.0,anomaly
11.0,3,2,0.12,0.79,0.91,5.32,0.0,13.0,2.89,0.0,3072.0,33.0,0.0,0.0,True,True,True,9.0,14.0,anomaly
14.0,2,1,0.04,0.79,4.49,3.0,0.0,0.0,2.6,0.0,2048.0,22.0,0.0,0.0,True,True,True,6.0,16.0,anomaly
18.0,2,1,0.0,0.76,6.13,3.0,0.0,0.0,2.3,0.0,0.0,22.0,0.0,0.0,True,True,True,6.0,18.0,anomaly
687.0,3,1,0.11,0.72,0.0,0.0,1.0,46.67,0.0,0.0,216.0,21.0,0.0,0.0,True,True,True,0.0,3.0,anomaly
689.0,1,1,0.07,0.72,4.78,7.98,13.0,86.0,4.13,0.0,4.0,7.0,0.0,0.0,True,True,True,0.0,4.0,anomaly
0.0,9,2,0.07,0.72,0.0,7.59,0.0,0.0,6.36,0.0,4.0,63.0,0.0,0.0,True,True,True,0.0,13.0,normal
1.0,2,2,0.04,0.72,2.56,3.99,0.0,127.5,7.91,0.0,0.0,14.0,0.0,0.0,True,True,True,0.0,15.0,normal
2.0,5,2,0.12,0.72,0.6,7.63,0.0,18.8,8.48,73.1,760.8,35.0,0.0,0.0,True,True,True,0.0,19.0,normal
7.0,4,1,0.1,0.72,3.37,7.14,1.5,108.5,2.7,411.5,0.0,28.0,0.0,0.0,True,True,True,0.0,4.0,normal
8.0,2,1,0.04,0.71,1.32,0.0,0.0,43.0,0.0,0.0,2148.0,14.0,0.0,0.0,True,True,True,0.0,6.0,normal
9.0,1,1,0.48,0.72,4.99,0.0,0.0,339.0,0.0,48.0,1204.0,7.0,0.0,0.0,True,True,True,0.0,7.0,normal
10.0,1,1,0.29,0.72,1.75,0.0,9.0,0.0,0.0,8.0,128.0,7.0,0.0,0.0,True,True,True,0.0,8.0,normal
11.0,6,1,0.07,0.72,0.69,0.0,1.0,14.17,0.0,0.0,312.0,42.0,0.0,0.0,True,True,True,0.0,14.0,normal
12.0,13,3,0.11,0.72,0.15,0.0,0.15,4.54,0.0,0.0,32.0,91.0,0.0,0.0,True,True,True,0.0,19.0,normal
16.0,52,7,0.04,0.72,0.25,3.86,0.12,8.17,4.89,0.0,364.0,364.0,0.0,0.0,True,True,True,413.0,19.0,normal
18.0,16,7,0.04,0.73,0.23,6.27,0.12,4.06,6.64,48.0,436.0,112.0,0.0,0.0,True,True,True,0.0,15.0,normal
19.0,12,1,0.08,0.73,0.38,4.21,1.17,5.17,8.59,0.0,3072.0,84.0,0.0,0.0,True,True,True,0.0,19.0,normal
21.0,12,1,0.0,0.73,0.41,4.59,1.5,4.08,8.59,0.0,3368.0,84.0,0.0,0.0,True,True,True,0.0,19.0,normal
23.0,9,2,0.5,0.73,0.86,4.83,0.11,36.78,7.49,77.33,2017.78,63.0,0.0,0.0,True,True,True,0.0,8.0,normal
26.0,8,2,0.0,0.73,0.88,6.12,1.25,24.5,3.54,0.0,2048.0,56.0,0.0,0.0,True,True,True,0.0,16.0,normal
27.0,4,2,0.03,0.72,0.93,6.12,0.75,46.0,3.54,0.0,320.0,28.0,0.0,0.0,True,True,True,0.0,19.0,normal
28.0,1,1,0.0,0.72,4.51,7.93,0.0,170.0,4.84,48.0,256.0,7.0,0.0,0.0,True,True,True,0.0,1.0,normal
32.0,2,1,0.0,0.73,5.71,4.19,5.5,198.5,0.07,48.0,188.0,14.0,0.0,0.0,True,True,True,0.0,3.0,normal
34.0,2,1,0.0,0.73,2.01,4.39,6.5,1.0,0.07,0.0,140.0,14.0,0.0,0.0,True,True,True,0.0,5.0,normal
35.0,2,1,0.22,0.73,2.01,7.95,6.5,1.0,9.16,0.0,164.0,14.0,0.0,0.0,True,True,True,0.0,7.0,normal
36.0,28,7,0.04,0.73,0.13,5.5,0.36,2.68,5.36,0.0,0.0,196.0,0.0,0.0,True,True,True,0.0,19.0,normal
37.0,6,3,0.33,0.73,0.28,0.0,0.0,6.17,0.0,0.0,2916.0,42.0,0.0,0.0,True,True,True,0.0,19.0,normal
38.0,1,0,0.46,0.73,4.58,0.0,0.0,242.0,0.0,108.0,136.0,7.0,0.0,0.0,True,True,True,0.0,2.0,normal
39.0,3,0,0.0,0.74,0.42,0.0,2.67,0.0,0.0,0.0,516.0,21.0,0.0,0.0,True,True,True,1.0,5.0,normal
40.0,14,0,0.53,0.73,0.24,0.0,1.0,2.36,0.0,11.43,182.86,98.0,0.0,0.0,True,True,True,29.0,19.0,normal
41.0,104,1,0.07,0.73,0.03,1.32,0.21,0.0,2.48,0.0,484.0,728.0,0.0,0.0,True,True,True,813.0,19.0,normal
42.0,54,2,0.03,0.73,0.08,3.87,0.24,1.72,6.98,0.0,420.0,378.0,0.0,0.0,True,True,True,918.0,19.0,normal
43.0,8,1,0.12,0.73,0.38,0.0,1.12,6.0,0.0,4.0,2808.0,56.0,0.0,0.0,True,True,True,136.0,19.0,normal
48.0,5,1,0.12,0.71,2.84,0.0,1.0,131.6,0.0,0.0,136.0,35.0,0.0,0.0,True,True,True,85.0,10.0,normal
49.0,6,2,0.0,0.71,0.49,0.0,1.0,10.0,0.0,0.0,296.0,42.0,0.0,0.0,True,True,True,102.0,16.0,normal
50.0,8,1,0.12,0.71,0.4,0.0,1.0,7.25,0.0,76.0,249.0,56.0,0.0,0.0,True,True,True,136.0,19.0,normal
52.0,7,0,0.28,0.71,0.76,0.0,1.86,12.0,0.0,0.0,236.0,49.0,0.0,0.0,True,True,True,119.0,11.0,normal
53.0,8,1,0.11,0.72,0.47,0.0,1.0,10.38,0.0,48.0,316.0,56.0,0.0,0.0,True,True,True,136.0,19.0,normal
55.0,30,0,0.0,0.72,0.16,0.0,0.83,2.6,0.0,0.0,220.0,210.0,0.0,0.0,True,True,True,510.0,19.0,normal
56.0,9,0,0.12,0.71,0.44,0.0,1.0,17.33,0.0,0.0,184.0,63.0,0.0,0.0,True,True,True,153.0,18.0,normal
57.0,3,0,0.22,0.71,1.34,0.0,1.0,33.33,0.0,0.0,0.0,21.0,0.0,0.0,True,True,True,51.0,19.0,normal
62.0,6,0,0.0,0.72,2.4,0.0,1.17,11.83,0.0,0.0,64.0,42.0,0.0,0.0,True,True,True,102.0,7.0,normal
64.0,4,1,0.22,0.71,1.59,0.0,1.5,69.25,0.0,0.0,86.0,28.0,0.0,0.0,True,True,True,17.0,11.0,normal
66.0,1,1,0.07,0.72,4.59,2.84,17.0,13.0,0.01,76.0,584.0,7.0,0.0,0.0,True,True,True,0.0,12.0,normal
68.0,1,1,0.5,0.72,5.92,2.84,30.0,83.0,0.21,76.0,196.0,7.0,0.0,0.0,True,True,True,0.0,13.0,normal
70.0,1,0,0.12,0.71,6.94,0.0,4.0,282.0,0.0,120.0,152.0,7.0,0.0,0.0,True,True,True,0.0,14.0,normal
71.0,3,0,0.0,0.71,0.58,0.0,2.67,0.0,0.0,0.0,0.0,21.0,0.0,0.0,True,True,True,1.0,17.0,normal
72.0,2,1,0.13,0.71,2.43,0.0,4.5,76.5,0.0,0.0,200.0,14.0,0.0,0.0,True,True,True,0.0,19.0,normal
75.0,1,1,0.16,0.72,8.6,0.0,17.0,282.0,0.0,0.0,100.0,7.0,0.0,0.0,True,True,True,0.0,0.0,normal
76.0,1,1,0.0,0.72,1.98,0.0,9.0,0.0,0.0,0.0,172.0,7.0,0.0,0.0,True,True,True,0.0,1.0,normal
78.0,1,1,0.09,0.72,6.44,2.84,30.0,63.0,2.54,20.0,0.0,7.0,0.0,0.0,True,True,True,0.0,2.0,normal
80.0,1,1,0.11,0.72,6.38,2.84,50.0,163.0,5.22,0.0,60.0,7.0,0.0,0.0,True,True,True,0.0,3.0,normal
82.0,3,0,0.04,0.72,2.19,0.0,2.67,61.67,0.0,0.0,84.0,21.0,0.0,0.0,True,True,True,0.0,6.0,normal
83.0,10,1,0.04,0.71,0.16,0.57,0.4,4.7,0.51,264.0,360.0,70.0,0.0,0.0,True,True,True,2.0,16.0,normal
84.0,44,1,0.07,0.71,0.11,0.45,0.27,1.98,0.56,0.0,209.64,308.0,0.0,0.0,True,True,True,341.0,19.0,normal
85.0,195,1,0.55,0.72,0.01,0.47,0.15,0.0,0.94,2.69,1222.94,1365.0,0.0,0.0,True,True,True,9735.0,19.0,normal
86.0,12,1,0.77,0.72,0.01,0.47,0.17,0.0,1.2,10.5,1810.5,84.0,0.0,0.0,True,True,True,1050.0,19.0,normal
88.0,3,2,0.0,0.71,2.41,4.19,1.0,104.67,4.66,0.0,72.0,21.0,0.0,0.0,True,True,True,90.0,10.0,normal
89.0,1,1,0.18,0.72,2.03,7.96,1.0,44.0,5.38,128.0,400.0,7.0,0.0,0.0,True,True,True,0.0,11.0,normal
90.0,95,1,0.04,0.72,0.05,0.66,0.17,0.59,0.15,0.0,496.0,665.0,0.0,0.0,True,True,True,0.0,19.0,normal
92.0,1,1,0.19,0.72,4.71,2.84,9.0,74.0,3.42,104.0,796.0,7.0,0.0,0.0,True,True,True,0.0,7.0,normal
95.0,1,1,0.1,0.75,9.43,0.0,10.0,278.0,0.0,36.0,864.0,7.0,0.0,0.0,True,True,True,0.0,8.0,normal
103.0,138,1,0.05,0.74,0.18,0.91,0.1,4.3,0.1,785.1,1097.33,1518.0,1.0,1.0,False,False,False,0.0,19.0,normal
104.0,1,1,0.21,0.75,3.59,0.0,0.0,238.0,0.0,151533.5,1252.0,11.0,1.0,1.0,False,False,False,0.0,7.0,normal
105.0,2,1,0.16,0.73,1.19,1.42,4.5,0.0,2.61,142.0,31466.0,22.0,1.0,1.0,False,False,False,0.0,9.0,normal
106.0,4,1,0.0,0.72,0.43,0.0,1.5,0.0,0.0,108.0,740.0,44.0,1.0,1.0,False,False,False,0.0,13.0,normal
108.0,1,1,0.07,0.72,8.41,2.84,79.0,25.0,0.67,64.0,200.0,11.0,1.0,1.0,False,False,False,0.0,14.0,normal
110.0,1,1,0.82,0.73,5.74,2.84,8.0,177.0,0.67,176.0,488.0,11.0,1.0,1.0,False,False,False,0.0,15.0,normal
112.0,1,1,0.12,0.73,4.3,2.84,6.0,151.0,0.67,72.0,516.0,11.0,1.0,1.0,False,False,False,0.0,16.0,normal
114.0,136,1,0.51,0.73,0.06,1.46,0.23,1.43,0.99,60.24,490.0,1496.0,1.0,1.0,False,False,False,130.0,19.0,normal
115.0,332,3,0.64,0.73,0.01,1.72,0.03,0.06,1.24,109.43,2269.98,3652.0,1.0,1.0,False,False,False,962.0,19.0,normal
116.0,314,3,0.78,0.73,0.01,1.41,0.0,0.2,1.05,298.59,5147.33,3454.0,1.0,1.0,False,False,False,6483.0,19.0,normal
119.0,42,1,0.0,0.74,0.19,0.0,1.24,3.0,0.0,128.0,476.0,462.0,1.0,1.0,False,False,False,630.0,19.0,normal
120.0,5,1,0.24,0.73,0.75,0.0,1.0,19.2,0.0,216.0,760.0,55.0,1.0,1.0,False,False,False,75.0,5.0,normal
121.0,6,1,0.0,0.73,0.61,2.84,1.67,15.33,5.22,1968.0,5488.0,66.0,1.0,1.0,False,False,False,90.0,11.0,normal
123.0,3,1,0.0,0.73,2.25,1.9,3.0,60.67,3.48,0.0,0.0,33.0,1.0,1.0,False,False,False,45.0,14.0,normal
124.0,4,0,0.04,0.73,0.62,0.0,1.25,8.5,0.0,96.0,400.0,44.0,1.0,1.0,False,False,False,60.0,18.0,normal
126.0,6,0,0.08,0.73,0.76,0.0,1.83,19.33,0.0,32.0,428.0,66.0,1.0,1.0,False,False,False,90.0,19.0,normal
127.0,8,0,0.14,0.73,0.4,0.0,1.0,12.38,0.0,96.0,552.0,88.0,1.0,1.0,False,False,False,120.0,12.0,normal
128.0,8,0,0.14,0.73,0.57,0.0,1.62,11.12,0.0,128.0,588.0,88.0,1.0,1.0,False,False,False,120.0,19.0,normal
130.0,37,0,0.26,0.73,0.11,0.0,1.0,2.57,0.0,103.78,301.73,407.0,1.0,1.0,False,False,False,555.0,19.0,normal
132.0,12,0,0.04,0.73,0.44,0.0,1.0,21.08,0.0,0.0,212.0,132.0,1.0,1.0,False,False,False,180.0,19.0,normal
134.0,2,0,0.0,0.73,2.93,0.0,3.5,76.5,0.0,0.0,544.0,22.0,1.0,1.0,False,False,False,30.0,11.0,normal
136.0,1,0,0.2,0.74,8.26,0.0,0.0,414.0,0.0,316.0,448.0,11.0,1.0,1.0,False,False,False,15.0,12.0,normal
137.0,1,0,0.0,0.74,3.58,0.0,0.0,160.0,0.0,80.0,304.0,11.0,1.0,1.0,False,False,False,15.0,13.0,normal
139.0,1,1,0.08,0.73,4.31,2.84,0.0,271.0,5.22,16.0,268.0,11.0,1.0,1.0,False,False,False,0.0,14.0,normal
140.0,1,1,0.15,0.74,2.09,2.85,6.0,17.0,5.22,240.0,792.0,11.0,1.0,1.0,False,False,False,0.0,15.0,normal
141.0,2,1,0.04,0.74,2.44,0.0,1.0,88.0,0.0,28.0,140.0,22.0,1.0,1.0,False,False,False,0.0,17.0,normal
143.0,15,2,0.15,0.73,0.32,0.0,1.0,9.27,0.0,144.0,908.0,165.0,1.0,1.0,False,False,False,0.0,19.0,normal
144.0,11,3,0.22,0.73,0.3,0.0,1.0,6.64,0.0,154.0,418.0,121.0,1.0,1.0,False,False,False,0.0,19.0,normal
146.0,65,2,0.12,0.72,0.08,1.1,0.65,1.45,0.49,64.0,4064.0,715.0,1.0,1.0,False,False,False,0.0,19.0,normal
147.0,8,0,0.18,0.72,0.54,0.0,1.25,5.75,0.0,0.0,1724.0,88.0,1.0,1.0,False,False,False,0.0,16.0,normal
152.0,7,1,0.0,0.72,2.23,2.95,0.57,101.43,0.09,48.0,184.0,77.0,1.0,1.0,False,False,False,10.0,19.0,normal
153.0,9,1,0.15,0.72,0.38,1.15,0.0,18.78,0.03,177.78,540.44,99.0,1.0,1.0,False,False,False,3.0,12.0,normal
154.0,7,0,0.1,0.72,0.41,0.0,1.0,11.86,0.0,0.0,292.0,77.0,1.0,1.0,False,False,False,0.0,19.0,normal
156.0,68,0,0.04,0.72,0.08,0.0,1.0,1.37,0.0,16.0,200.0,748.0,1.0,1.0,False,False,False,0.0,19.0,normal
158.0,22,0,0.09,0.72,0.31,0.0,2.55,7.45,0.0,19.5,1092.0,242.0,1.0,1.0,False,False,False,0.0,19.0,normal
160.0,11,0,0.11,0.72,0.37,0.0,1.91,5.82,0.0,0.0,0.0,121.0,1.0,1.0,False,False,False,0.0,19.0,normal
161.0,22,0,0.08,0.72,0.23,0.0,1.14,3.86,0.0,0.0,0.0,242.0,1.0,1.0,False,False,False,0.0,19.0,normal
163.0,11,0,0.11,0.72,0.55,0.0,1.27,13.18,0.0,0.0,0.0,121.0,1.0,1.0,False,False,False,0.0,13.0,normal
165.0,13,0,0.27,0.72,0.25,0.0,1.69,3.46,0.0,32.0,640.0,143.0,1.0,1.0,False,False,False,0.0,19.0,normal
166.0,13,0,0.14,0.72,0.31,0.0,1.69,6.69,0.0,0.0,384.0,143.0,1.0,1.0,False,False,False,0.0,19.0,normal
167.0,12,0,0.0,0.72,0.37,0.0,1.5,15.0,0.0,28.0,208.0,132.0,1.0,1.0,False,False,False,0.0,11.0,normal
169.0,12,0,0.04,0.72,0.32,0.0,1.67,6.17,0.0,0.0,256.0,132.0,1.0,1.0,False,False,False,0.0,19.0,normal
170.0,13,3,0.04,0.72,0.28,0.0,1.54,4.77,0.0,112.0,404.0,143.0,1.0,1.0,False,False,False,0.0,16.0,normal
171.0,6,3,0.18,0.72,0.48,0.0,1.0,10.17,0.0,0.0,444.0,66.0,1.0,1.0,False,False,False,0.0,19.0,normal
172.0,2,2,0.17,0.72,1.07,0.0,1.0,30.5,0.0,112.0,296.0,22.0,1.0,1.0,False,False,False,0.0,4.0,normal
173.0,2,1,0.0,0.72,2.83,0.0,2.0,121.0,0.0,25.5,216.0,22.0,1.0,1.0,False,False,False,0.0,6.0,normal
175.0,1,1,0.14,0.72,4.64,0.0,0.0,193.0,0.0,16.0,108.0,11.0,1.0,1.0,False,False,False,0.0,7.0,normal
176.0,1,1,0.19,0.72,2.06,0.0,9.0,0.0,0.0,64.0,440.0,11.0,1.0,1.0,False,False,False,0.0,8.0,normal
178.0,1,1,0.0,0.72,5.77,3.42,20.0,52.0,0.01,0.0,212.0,11.0,1.0,1.0,False,False,False,0.0,9.0,normal
179.0,1,1,0.0,0.72,4.51,4.18,19.0,0.0,0.04,0.0,0.0,11.0,1.0,1.0,False,False,False,0.0,10.0,normal
180.0,2,1,0.09,0.72,1.8,4.04,11.5,0.0,0.06,0.0,152.0,22.0,1.0,1.0,False,False,False,0.0,12.0,normal
182.0,2,1,0.08,0.72,1.94,3.99,2.0,62.5,0.06,0.0,140.0,22.0,1.0,1.0,False,False,False,0.0,14.0,normal
184.0,2,1,0.13,0.72,4.23,3.99,13.0,29.5,0.06,48.0,116.0,22.0,1.0,1.0,False,False,False,0.0,16.0,normal
185.0,6,1,0.4,0.72,0.31,3.99,1.33,0.0,0.06,16.0,142.67,66.0,1.0,1.0,False,False,False,0.0,19.0,normal
190.0,2,1,0.29,0.72,7.97,3.99,12.5,75.5,0.06,0.0,60.0,22.0,1.0,1.0,False,False,False,0.0,4.0,normal
192.0,1,1,0.19,0.72,5.5,3.99,0.0,92.0,0.06,64.0,156.0,11.0,1.0,1.0,False,False,False,0.0,5.0,normal
193.0,1,1,0.0,0.72,2.59,3.97,12.0,21.0,0.07,72.0,432.0,11.0,1.0,1.0,False,False,False,0.0,6.0,normal
194.0,1,1,0.04,0.72,2.62,3.99,0.0,125.0,0.06,0.0,204.0,11.0,1.0,1.0,False,False,False,0.0,7.0,normal
195.0,1,1,0.32,0.72,4.0,3.99,25.0,20.0,0.86,0.0,720.0,11.0,1.0,1.0,False,False,False,0.0,8.0,normal
196.0,1,1,0.04,0.72,3.38,3.99,29.0,0.0,4.23,0.0,188.0,11.0,1.0,1.0,False,False,False,0.0,9.0,normal
197.0,1,1,0.04,0.72,3.2,3.99,22.0,0.0,8.07,0.0,0.0,11.0,1.0,1.0,False,False,False,0.0,10.0,normal
200.0,18,4,0.05,0.72,0.47,2.22,0.44,12.17,0.92,26.67,258.67,198.0,1.0,1.0,False,False,False,0.0,19.0,normal
202.0,5,3,0.45,0.72,1.22,3.58,1.0,36.4,0.37,60.8,267.2,55.0,1.0,1.0,False,False,False,0.0,13.0,normal
203.0,1,0,0.0,0.72,3.33,0.0,0.0,166.0,0.0,0.0,132.0,11.0,1.0,1.0,False,False,False,0.0,14.0,normal
204.0,3,0,0.0,0.72,0.56,0.0,3.0,0.0,0.0,32.0,296.0,33.0,1.0,1.0,False,False,False,1.0,17.0,normal
206.0,4,0,0.07,0.72,1.8,0.0,3.5,46.5,0.0,80.0,291.0,44.0,1.0,1.0,False,False,False,1.0,19.0,normal
208.0,4,0,0.08,0.72,1.55,0.0,4.0,33.75,0.0,16.0,236.0,44.0,1.0,1.0,False,False,False,1.0,5.0,normal
210.0,6,0,0.18,0.72,0.87,0.0,1.33,15.17,0.0,36.0,324.0,66.0,1.0,1.0,False,False,False,3.0,11.0,normal
212.0,6,0,0.12,0.72,0.86,0.0,0.0,34.5,0.0,16.0,212.0,66.0,1.0,1.0,False,False,False,4.0,17.0,normal
213.0,7,0,0.04,0.73,0.31,0.0,0.0,8.71,0.0,80.0,1072.0,77.0,1.0,1.0,False,False,False,0.0,19.0,normal
214.0,12,3,0.0,0.72,0.36,1.49,0.25,12.92,0.74,0.0,0.0,132.0,1.0,1.0,False,False,False,8.0,16.0,normal
215.0,69,3,0.41,0.72,0.04,0.78,0.12,0.72,0.49,38.26,348.87,759.0,1.0,1.0,False,False,False,769.0,19.0,normal
216.0,3,0,0.0,0.72,0.95,0.0,1.0,44.67,0.0,20.0,1056.0,33.0,1.0,1.0,False,False,False,69.0,8.0,normal
217.0,197,5,0.21,0.72,0.02,1.63,0.08,0.25,0.99,11.37,341.28,2167.0,1.0,1.0,False,False,False,1883.0,19.0,normal
218.0,35,3,0.04,0.72,0.04,0.0,0.0,1.49,0.0,32.0,1776.0,385.0,1.0,1.0,False,False,False,78.0,19.0,normal
220.0,2,1,0.04,0.72,4.37,0.0,4.0,163.0,0.0,34.0,204.0,22.0,1.0,1.0,False,False,False,0.0,2.0,normal
222.0,2,1,0.13,0.73,2.87,0.0,5.0,88.5,0.0,16.0,174.0,22.0,1.0,1.0,False,False,False,0.0,4.0,normal
223.0,6,1,0.36,0.72,0.31,0.0,1.33,0.0,0.0,0.0,128.0,66.0,1.0,1.0,False,False,False,0.0,10.0,normal
224.0,4,1,0.08,0.72,1.1,0.0,2.5,20.0,0.0,0.0,60.0,44.0,1.0,1.0,False,False,False,0.0,14.0,normal
225.0,4,1,0.13,0.72,0.48,0.0,0.0,8.75,0.0,16.0,288.0,44.0,1.0,1.0,False,False,False,0.0,18.0,normal
226.0,1,1,0.04,0.72,2.83,1.56,10.0,45.0,0.01,64.0,0.0,11.0,1.0,1.0,False,False,False,0.0,19.0,normal
228.0,8,1,0.29,0.72,0.93,1.56,1.62,16.62,0.01,12.0,197.0,88.0,1.0,1.0,False,False,False,0.0,7.0,normal
229.0,24,1,0.41,0.72,0.08,1.56,0.5,0.0,0.01,29.33,220.0,264.0,1.0,1.0,False,False,False,0.0,19.0,normal
230.0,4,1,0.07,0.72,0.36,0.0,0.0,12.5,0.0,120.0,296.0,44.0,1.0,1.0,False,False,False,0.0,15.0,normal
231.0,16,1,0.04,0.71,0.34,1.56,1.06,5.62,0.01,96.0,284.0,176.0,1.0,1.0,False,False,False,0.0,19.0,normal
232.0,8,1,0.26,0.71,0.25,0.0,0.0,7.62,0.0,48.0,220.0,88.0,1.0,1.0,False,False,False,0.0,19.0,normal
233.0,3,1,0.0,0.71,0.8,0.0,1.0,20.33,0.0,0.0,720.0,33.0,1.0,1.0,False,False,False,0.0,2.0,normal
236.0,8,1,0.04,0.71,1.17,1.56,1.0,31.88,0.01,0.0,0.0,88.0,1.0,1.0,False,False,False,0.0,10.0,normal
237.0,3,1,0.0,0.71,0.7,0.0,0.67,18.0,0.0,80.0,480.0,33.0,1.0,1.0,False,False,False,0.0,13.0,normal
477.0,1,0,0.07,0.7,0.0,0.0,8.0,732.0,2.32,80.0,248.0,7.0,1.0,1.0,False,False,False,0.0,1.0,normal
478.0,3,1,0.04,0.69,0.83,4.28,0.0,0.0,10.97,0.0,140.0,33.0,0.0,0.0,True,True,True,0.0,4.0,normal
0.0,28,3,0.0,0.69,0.14,4.61,0.0,0.0,2.88,0.0,18.0,308.0,0.0,0.0,True,True,True,0.0,19.0,anomaly
1.0,38,8,0.35,0.7,0.05,4.04,0.0,0.0,4.2,162.0,1591.68,418.0,0.0,0.0,True,True,True,22.0,19.0,anomaly
2.0,3,2,0.0,0.7,0.6,5.32,0.0,0.0,3.06,0.0,2048.0,33.0,0.0,0.0,True,True,True,9.0,13.0,anomaly
3.0,2,1,0.07,0.7,2.07,3.0,0.0,0.0,2.3,0.0,2048.0,22.0,0.0,0.0,True,True,True,6.0,15.0,anomaly
4.0,4,1,0.08,0.7,0.81,4.5,0.0,0.0,2.34,184.0,2050.0,44.0,0.0,0.0,True,True,True,12.0,19.0,anomaly
5.0,9,2,0.04,0.7,0.1,5.32,0.0,0.0,3.1,576.0,2048.0,99.0,0.0,0.0,True,True,True,27.0,8.0,anomaly
6.0,2,1,0.0,0.7,2.67,3.0,0.0,0.0,2.49,48.0,888.0,22.0,0.0,0.0,True,True,True,6.0,10.0,anomaly
7.0,4,1,0.0,0.7,0.73,3.0,0.0,0.0,2.32,166.0,918.0,44.0,0.0,0.0,True,True,True,12.0,14.0,anomaly
8.0,9,2,0.11,0.7,0.14,5.32,0.0,0.0,3.17,304.0,364.0,99.0,0.0,0.0,True,True,True,27.0,19.0,anomaly
9.0,6,1,0.07,0.7,0.88,3.0,0.0,0.0,2.11,96.0,106.67,66.0,0.0,0.0,True,True,True,18.0,9.0,anomaly
10.0,9,2,0.14,0.7,0.07,5.32,0.0,0.0,2.81,112.0,339.5,99.0,0.0,0.0,True,True,True,27.0,18.0,anomaly
11.0,2,1,0.08,0.7,1.88,5.99,0.0,0.0,4.77,0.0,236.0,22.0,0.0,0.0,True,True,True,6.0,19.0,anomaly
12.0,3,2,0.0,0.7,1.2,5.32,0.0,0.0,3.18,0.0,132.0,33.0,0.0,0.0,True,True,True,9.0,3.0,anomaly
15.0,4,1,0.0,0.7,2.5,3.0,0.0,0.0,1.7,250.0,92.0,44.0,0.0,0.0,True,True,True,12.0,7.0,anomaly
17.0,4,2,0.09,0.7,1.49,5.49,0.0,0.0,3.67,0.0,102.0,44.0,0.0,0.0,True,True,True,12.0,11.0,anomaly
18.0,14,2,0.18,0.7,0.17,4.99,0.0,0.0,2.78,329.14,40.57,154.0,0.0,0.0,True,True,True,42.0,19.0,anomaly
893.0,1,0,0.0,0.7,0.0,0.0,10.0,490.0,2.32,160.0,460.0,7.0,1.0,1.0,False,False,False,0.0,1.0,anomaly
894.0,2,1,0.25,0.71,0.81,3.63,0.0,48.5,10.06,152.0,936.0,14.0,0.0,0.0,False,False,False,1.0,3.0,anomaly
895.0,1,0,0.0,0.7,2.35,0.0,0.0,123.0,0.0,0.0,276.0,11.0,0.0,0.0,True,True,True,1.0,4.0,anomaly
0.0,12,1,0.0,0.7,0.07,3.5,0.0,2.67,2.58,39.67,265.0,132.0,0.0,0.0,True,True,True,24.0,16.0,anomaly
1.0,16,3,0.07,0.7,0.23,3.62,0.0,9.69,2.78,0.0,10598.75,176.0,0.0,0.0,True,True,True,79.0,19.0,anomaly
2.0,73,8,0.1,0.7,0.04,4.31,0.0,0.59,3.44,167.45,4428.77,803.0,0.0,0.0,True,True,True,325.0,19.0,anomaly
3.0,7,2,0.0,0.7,0.51,1.14,0.0,0.0,0.95,0.0,4.0,77.0,0.0,0.0,True,True,True,21.0,12.0,anomaly
4.0,2,1,0.0,0.7,0.99,3.0,0.0,27.5,1.94,0.0,2360.0,22.0,0.0,0.0,True,True,True,6.0,14.0,anomaly
5.0,10,3,0.0,0.7,0.33,3.78,0.0,0.0,2.4,115.2,1744.0,110.0,0.0,0.0,True,True,True,26.0,19.0,anomaly
6.0,22,2,0.04,0.7,0.1,3.54,0.0,0.0,2.87,0.0,2152.0,242.0,0.0,0.0,True,True,True,66.0,19.0,anomaly
7.0,13,1,0.0,0.7,0.27,3.23,0.0,0.0,2.37,0.0,0.0,143.0,0.0,0.0,True,True,True,90.0,19.0,anomaly
8.0,2,1,0.04,0.7,2.07,3.0,0.0,0.0,2.45,0.0,0.0,22.0,0.0,0.0,True,True,True,18.0,1.0,anomaly
10.0,2,1,0.04,0.7,2.81,7.97,0.0,0.0,2.71,0.0,144.0,22.0,0.0,0.0,True,True,True,1.0,3.0,anomaly
11.0,1,1,0.0,0.7,1.08,0.0,0.0,0.0,0.0,24.0,244.0,11.0,0.0,0.0,True,True,True,1.0,4.0,anomaly
12.0,9,3,0.21,0.71,0.44,2.66,0.0,0.0,2.85,0.0,2597.33,99.0,0.0,0.0,True,True,True,9.0,13.0,anomaly
13.0,7,2,0.15,0.71,0.48,1.14,0.0,0.0,0.87,0.0,3072.0,77.0,0.0,0.0,True,True,True,7.0,19.0,anomaly
14.0,60,3,0.03,0.71,0.06,2.93,0.0,0.0,2.39,211.93,2905.38,660.0,0.0,0.0,True,True,True,477.0,19.0,anomaly
15.0,2,1,0.04,0.71,1.71,3.0,0.0,0.0,2.32,0.0,2048.0,22.0,0.0,0.0,True,True,True,28.0,2.0,anomaly
16.0,8,2,0.04,0.71,0.14,1.0,0.0,0.0,0.78,0.0,4.0,88.0,0.0,0.0,True,True,True,112.0,10.0,anomaly
18.0,6,2,0.12,0.7,1.18,5.32,0.0,0.0,2.84,0.0,2048.0,66.0,0.0,0.0,True,True,True,84.0,16.0,anomaly
228.0,1,1,0.0,0.71,0.0,0.0,11.0,946.0,0.0,16.0,272.0,7.0,1.0,1.0,False,True,False,0.0,1.0,anomaly
230.0,3,3,0.0,0.71,2.07,6.3,0.0,0.0,3.36,16.0,272.0,21.0,1.0,1.0,False,True,False,0.0,4.0,anomaly
0.0,1,1,0.0,0.71,0.0,7.95,0.0,0.0,5.46,16.0,272.0,7.0,1.0,1.0,False,True,False,0.0,5.0,normal
1.0,1,1,0.0,0.71,5.52,7.92,0.0,157.0,4.21,76.5,128.0,7.0,1.0,1.0,False,True,False,0.0,6.0,normal
2.0,3,2,0.04,0.72,0.92,5.3,0.0,49.0,2.79,208.0,612.0,21.0,1.0,1.0,False,True,False,0.0,9.0,normal
3.0,1,1,0.17,0.72,1.08,7.97,1.0,19.0,4.15,132.0,472.0,7.0,1.0,1.0,False,True,False,0.0,10.0,normal
4.0,9,1,0.0,0.72,0.44,0.0,0.67,8.78,1.0,256.0,908.0,63.0,1.0,1.0,False,True,False,0.0,19.0,normal
5.0,2,1,0.04,0.71,1.34,3.96,0.0,41.5,2.42,224.0,780.0,14.0,1.0,1.0,False,True,False,0.0,1.0,normal
6.0,4,1,0.07,0.72,1.18,3.99,0.0,51.25,3.31,72.0,264.0,28.0,1.0,1.0,False,True,False,0.0,5.0,normal
7.0,2,1,0.08,0.73,1.0,3.99,0.0,54.5,3.32,272.0,688.0,14.0,1.0,1.0,False,True,False,0.0,7.0,normal
8.0,4,2,0.18,0.72,1.01,3.24,0.0,43.5,4.29,52.0,273.0,28.0,1.0,1.0,False,True,False,0.0,11.0,normal
9.0,1,1,0.0,0.72,1.76,7.95,0.0,46.0,5.46,112.0,584.0,7.0,1.0,1.0,False,True,False,0.0,12.0,normal
12.0,1,1,0.12,0.78,7.9,7.91,17.0,75.0,5.46,198557.5,5984.0,7.0,1.0,1.0,False,True,False,0.0,13.0,normal
14.0,1,1,0.0,0.75,6.66,5.99,0.0,340.0,3.88,0.0,24.0,7.0,1.0,1.0,False,True,False,0.0,14.0,normal
15.0,1,1,0.42,0.75,3.68,5.99,9.0,0.0,4.83,176.0,684.0,7.0,1.0,1.0,False,True,False,0.0,15.0,normal
16.0,1,1,0.07,0.76,2.77,0.0,5.0,72.0,0.0,176.0,728.0,7.0,1.0,1.0,False,True,False,0.0,16.0,normal
17.0,2,1,0.04,0.75,1.94,7.95,0.5,93.5,4.58,0.0,144.0,14.0,1.0,1.0,False,True,False,1.0,18.0,normal
18.0,1,1,1.0,0.76,1.39,7.95,0.0,81.0,9.16,2121.5,868.0,7.0,1.0,1.0,False,True,False,1.0,19.0,normal
20.0,1,1,0.0,0.75,6.91,7.95,0.0,357.0,9.16,116.0,400.0,7.0,1.0,1.0,False,True,False,0.0,0.0,normal
21.0,2,1,0.0,0.74,2.01,0.0,1.0,94.5,0.0,112.0,440.0,14.0,1.0,1.0,False,True,False,0.0,2.0,normal
23.0,2,1,0.04,0.74,2.06,3.99,0.0,80.0,3.13,160.0,448.0,14.0,1.0,1.0,False,True,False,0.0,4.0,normal
24.0,9,1,0.04,0.73,0.36,4.86,0.78,5.44,1.68,80.0,292.0,63.0,1.0,1.0,False,True,False,0.0,13.0,normal
25.0,3,1,0.07,0.73,0.81,0.0,0.0,42.67,0.0,16.0,292.0,21.0,1.0,1.0,False,True,False,0.0,16.0,normal
26.0,1,1,0.0,0.73,5.03,3.63,2.0,50.0,10.06,0.0,136.0,7.0,1.0,1.0,False,True,False,0.0,17.0,normal
27.0,4,1,0.16,0.73,0.38,3.63,1.0,0.0,10.06,0.0,68.0,28.0,1.0,1.0,False,True,False,0.0,19.0,normal
30.0,5,2,0.05,0.73,2.07,4.63,1.8,89.0,8.38,68.8,671.2,35.0,1.0,1.0,False,True,False,0.0,6.0,normal
32.0,1,0,0.2,0.73,5.86,0.0,0.0,329.0,0.0,528.0,1688.0,7.0,1.0,1.0,False,True,False,0.0,7.0,normal
33.0,3,0,0.0,0.73,0.76,0.0,4.0,0.0,0.0,44.0,112.0,21.0,1.0,1.0,False,True,False,1.0,10.0,normal
35.0,8,1,0.04,0.72,0.6,1.82,0.38,18.12,5.03,16.0,536.0,56.0,1.0,1.0,False,True,False,4.0,18.0,normal
36.0,1,1,0.0,0.72,4.35,0.0,0.0,181.0,0.0,16.0,188.0,7.0,1.0,1.0,False,True,False,1.0,19.0,normal
37.0,1,1,0.17,0.72,1.57,0.0,9.0,0.0,0.0,16.0,144.0,7.0,1.0,1.0,False,True,False,1.0,0.0,normal
38.0,2,1,0.0,0.72,2.55,0.0,2.0,89.5,0.0,56.0,300.0,14.0,1.0,1.0,False,True,False,2.0,2.0,normal
40.0,7,3,0.79,0.72,0.86,0.86,1.14,24.57,0.66,0.0,0.0,49.0,1.0,1.0,False,True,False,7.0,9.0,normal
41.0,4,4,0.14,0.72,0.6,0.0,1.0,11.75,0.0,80.0,436.0,28.0,1.0,1.0,False,True,False,4.0,13.0,normal
42.0,1,1,0.0,0.72,3.68,0.0,0.0,177.0,0.0,32.0,264.0,7.0,1.0,1.0,False,True,False,0.0,14.0,normal
43.0,1,1,0.08,0.72,2.2,0.0,13.0,0.0,0.0,0.0,136.0,7.0,1.0,1.0,False,True,False,0.0,15.0,normal
44.0,10,1,0.27,0.72,0.19,0.0,1.2,0.0,0.0,0.0,248.0,70.0,1.0,1.0,False,True,False,0.0,19.0,normal
45.0,4,1,0.0,0.72,1.27,0.0,4.0,24.25,0.0,80.0,208.0,28.0,1.0,1.0,False,True,False,0.0,9.0,normal
46.0,4,1,0.15,0.72,0.49,0.0,0.0,23.25,0.0,0.0,120.0,28.0,1.0,1.0,False,True,False,0.0,13.0,normal
47.0,3,1,0.04,0.72,0.84,4.86,1.33,11.67,1.68,16.0,212.0,21.0,1.0,1.0,False,True,False,0.0,16.0,normal
48.0,1,1,0.0,0.73,2.9,5.99,6.0,14.0,4.9,0.0,176.0,7.0,1.0,1.0,False,True,False,0.0,17.0,normal
49.0,1,1,0.0,0.73,4.56,5.99,6.0,125.0,4.9,60.0,476.0,7.0,1.0,1.0,False,True,False,0.0,18.0,normal
51.0,1,1,0.0,0.73,5.9,5.99,6.0,157.0,4.9,0.0,284.0,7.0,1.0,1.0,False,True,False,0.0,19.0,normal
53.0,1,1,0.04,0.73,4.32,5.99,4.0,164.0,4.9,16.0,576.0,7.0,1.0,1.0,False,True,False,0.0,0.0,normal
54.0,1,1,0.0,0.73,3.34,0.0,0.0,161.0,0.0,48.0,900.0,7.0,1.0,1.0,False,True,False,0.0,1.0,normal
55.0,4,1,0.14,0.72,0.88,3.63,1.5,11.0,10.06,16.0,256.0,28.0,1.0,1.0,False,True,False,0.0,5.0,normal
57.0,4,1,0.0,0.73,1.27,3.63,4.0,18.25,10.06,0.0,0.0,28.0,1.0,1.0,False,True,False,0.0,9.0,normal
58.0,4,1,0.04,0.72,0.92,3.63,1.5,0.5,10.06,0.0,4.0,28.0,1.0,1.0,False,True,False,0.0,13.0,normal
59.0,4,1,0.0,0.72,0.67,3.63,1.5,0.5,10.06,64.0,512.0,28.0,1.0,1.0,False,True,False,0.0,17.0,normal
60.0,24,1,0.2,0.72,0.2,3.63,0.75,0.08,10.06,0.0,46.67,168.0,1.0,1.0,False,True,False,0.0,19.0,normal
61.0,4,1,0.81,0.73,0.04,3.63,0.5,0.0,10.06,96.0,1800.0,28.0,1.0,1.0,False,True,False,0.0,5.0,normal
64.0,24,1,0.08,0.72,0.38,3.63,0.96,6.92,10.06,0.0,0.0,168.0,1.0,1.0,False,True,False,0.0,19.0,normal
65.0,5,1,0.0,0.72,0.72,0.0,1.0,23.0,0.0,48.0,600.0,35.0,1.0,1.0,False,True,False,0.0,14.0,normal
66.0,6,2,0.0,0.72,0.81,0.0,0.83,32.0,0.0,13.33,71.33,42.0,1.0,1.0,False,True,False,0.0,19.0,normal
71.0,1,1,0.11,0.73,13.13,5.99,0.0,673.0,4.9,4.0,108.0,7.0,1.0,1.0,False,True,False,0.0,1.0,normal
72.0,1,1,0.08,0.73,3.91,0.0,0.0,234.0,0.0,0.0,160.0,7.0,1.0,1.0,False,True,False,0.0,2.0,normal
73.0,2,1,0.0,0.73,1.52,0.0,1.0,53.0,0.0,16.0,308.0,14.0,1.0,1.0,False,True,False,0.0,4.0,normal
74.0,1,0,0.12,0.73,2.81,0.0,0.0,121.0,0.0,48.0,240.0,7.0,1.0,1.0,False,True,False,0.0,5.0,normal
75.0,9,0,0.07,0.73,0.38,0.0,1.89,0.0,0.0,17.78,215.11,63.0,1.0,1.0,False,True,False,7.0,14.0,normal
76.0,13,0,0.18,0.72,0.17,0.0,0.85,0.0,0.0,0.0,208.0,91.0,1.0,1.0,False,True,False,20.0,19.0,normal
77.0,9,0,0.24,0.72,0.32,0.0,0.22,9.67,0.77,0.0,0.0,63.0,1.0,1.0,False,True,False,9.0,16.0,normal
78.0,10,0,0.14,0.72,0.31,0.0,0.2,16.2,0.7,32.0,260.0,70.0,1.0,1.0,False,True,False,12.0,19.0,normal
79.0,20,0,0.04,0.72,0.2,0.0,0.2,5.95,0.58,44.0,255.2,140.0,1.0,1.0,False,True,False,27.0,19.0,normal
85.0,9,0,0.29,0.72,2.09,0.0,1.44,51.33,0.0,10.67,85.33,63.0,1.0,1.0,False,True,False,36.0,15.0,normal
89.0,2,1,0.04,0.72,4.95,3.63,6.5,112.0,10.06,108.0,1100.0,14.0,1.0,1.0,False,True,False,8.0,17.0,normal
91.0,2,1,0.23,0.72,3.19,3.63,5.5,64.5,10.06,32.0,208.0,14.0,1.0,1.0,False,True,False,8.0,19.0,normal
93.0,2,1,0.08,0.72,2.83,3.63,5.0,42.0,10.06,0.0,68.0,14.0,1.0,1.0,False,True,False,8.0,1.0,normal
97.0,30,1,0.36,0.72,0.46,7.71,0.37,16.3,5.73,538.67,221.87,210.0,1.0,1.0,False,True,False,120.0,19.0,normal
101.0,1,1,0.31,0.71,12.01,3.63,2.0,349.0,10.06,148.0,0.0,7.0,1.0,1.0,False,True,False,0.0,12.0,normal
102.0,1,1,0.04,0.72,2.95,3.63,16.0,2.0,10.06,80.0,2512.0,7.0,1.0,1.0,False,True,False,0.0,13.0,normal
106.0,1,1,0.07,0.71,10.31,0.0,0.0,405.0,0.0,16.0,196.0,7.0,1.0,1.0,False,True,False,0.0,14.0,normal
107.0,1,1,0.08,0.72,3.02,0.0,1.0,113.0,0.0,0.0,0.0,7.0,1.0,1.0,False,True,False,0.0,15.0,normal
108.0,1,1,0.0,0.72,2.18,0.0,0.0,96.0,0.0,0.0,176.0,7.0,1.0,1.0,False,True,False,0.0,16.0,normal
113.0,1,1,0.04,0.72,16.82,3.63,0.0,881.0,10.06,48.0,204.0,7.0,1.0,1.0,False,True,False,0.0,17.0,normal
116.0,3,1,0.09,0.72,2.53,0.0,1.0,108.0,0.0,64.0,156.0,21.0,1.0,1.0,False,True,False,0.0,19.0,normal
118.0,12,1,0.08,0.72,0.69,4.77,1.42,12.33,2.83,42.67,214.67,84.0,1.0,1.0,False,True,False,0.0,12.0,normal
119.0,38,0,0.03,0.71,0.08,0.0,0.11,1.92,0.92,0.0,192.32,266.0,1.0,1.0,False,True,False,162.0,19.0,normal
121.0,3,1,0.11,0.72,1.91,4.45,0.33,77.67,1.35,53.33,386.67,21.0,1.0,1.0,False,True,False,24.0,13.0,normal
122.0,1,0,0.0,0.72,2.29,0.0,0.0,90.0,0.0,0.0,136.0,7.0,1.0,1.0,False,True,False,0.0,14.0,normal
123.0,2,1,0.0,0.72,1.16,0.0,1.0,38.0,0.0,16.0,456.0,14.0,1.0,1.0,False,True,False,0.0,16.0,normal
125.0,4,1,0.12,0.71,1.26,0.0,1.75,29.5,0.0,0.0,124.0,28.0,1.0,1.0,False,True,False,0.0,19.0,normal
126.0,1,0,0.0,0.72,4.03,0.0,0.0,216.0,0.0,0.0,120.0,7.0,1.0,1.0,False,True,False,0.0,1.0,normal
127.0,8,0,0.07,0.71,0.43,0.0,2.12,0.0,0.0,23.5,94.0,56.0,1.0,1.0,False,True,False,9.0,9.0,normal
129.0,2,1,0.33,0.71,2.21,0.0,1.5,82.5,0.0,0.0,4.0,14.0,1.0,1.0,False,True,False,0.0,11.0,normal
131.0,2,1,0.11,0.72,3.09,7.9,3.0,73.5,3.33,32.0,608.0,14.0,1.0,1.0,False,True,False,0.0,13.0,normal
132.0,9,1,0.25,0.71,0.64,7.9,0.0,12.0,3.33,0.0,260.0,63.0,1.0,1.0,False,True,False,0.0,19.0,normal
133.0,9,1,0.25,0.71,0.07,7.9,0.0,0.89,3.33,0.0,260.0,63.0,1.0,1.0,False,True,False,0.0,11.0,normal
134.0,18,1,0.0,0.71,0.26,7.9,0.61,5.72,3.33,0.0,0.0,126.0,1.0,1.0,False,True,False,0.0,19.0,normal
135.0,9,1,0.07,0.71,0.2,0.0,0.0,5.0,0.0,16.0,472.0,63.0,1.0,1.0,False,True,False,0.0,18.0,normal
136.0,12,1,0.0,0.71,0.37,3.95,0.25,13.17,2.97,0.0,100.0,84.0,1.0,1.0,False,True,False,8.0,19.0,normal
137.0,4,0,0.04,0.71,0.48,0.0,0.0,14.5,0.0,40.0,472.0,28.0,1.0,1.0,False,True,False,4.0,14.0,normal
138.0,9,1,0.0,0.71,0.41,1.76,0.0,17.67,1.95,28.44,3.56,63.0,1.0,1.0,False,True,False,0.0,19.0,normal
139.0,22,1,0.17,0.71,0.16,3.6,0.18,4.77,3.01,28.0,0.0,154.0,1.0,1.0,False,True,False,49.0,19.0,normal
140.0,4,1,0.04,0.71,0.56,3.96,0.0,20.5,2.68,720.0,6348.0,28.0,1.0,1.0,False,True,False,12.0,9.0,normal
141.0,30,1,0.36,0.71,0.12,2.64,0.0,4.6,2.13,45.87,435.2,210.0,1.0,1.0,False,True,False,74.0,19.0,normal
143.0,35,1,0.0,0.71,0.14,4.52,0.17,2.97,3.32,32.0,272.0,245.0,1.0,1.0,False,True,False,8.0,19.0,normal
144.0,10,1,0.0,0.71,0.31,7.91,0.2,5.4,5.0,0.0,19504.0,70.0,1.0,1.0,False,True,False,0.0,19.0,normal
146.0,21,1,0.0,0.71,0.26,6.03,0.38,9.33,3.99,0.0,60.0,147.0,1.0,1.0,False,True,False,0.0,19.0,normal
147.0,3,1,0.04,0.71,1.05,0.0,1.0,25.67,0.0,32.0,848.0,21.0,1.0,1.0,False,True,False,0.0,8.0,normal
148.0,2,1,0.06,0.7,1.91,0.0,0.0,45.5,0.0,0.0,18.0,14.0,1.0,1.0,False,True,False,0.0,10.0,normal
153.0,1,0,0.17,0.71,14.2,0.0,0.0,810.0,0.0,0.0,136.0,7.0,1.0,1.0,False,True,False,0.0,11.0,normal
154.0,2,1,0.1,0.71,2.3,0.0,0.0,87.0,0.0,34.0,190.0,14.0,1.0,1.0,False,True,False,0.0,13.0,normal
156.0,2,1,0.28,0.71,2.32,0.0,3.0,95.0,0.0,0.0,136.0,14.0,1.0,1.0,False,True,False,0.0,15.0,normal
157.0,1,1,0.04,0.72,3.09,1.92,9.0,21.0,0.0,64.0,1240.0,7.0,1.0,1.0,False,True,False,0.0,16.0,normal
159.0,3,1,0.09,0.71,2.11,0.0,2.33,79.33,0.0,0.0,168.0,21.0,1.0,1.0,False,True,False,0.0,19.0,normal
160.0,1,1,0.0,0.71,3.47,0.0,0.0,186.0,0.0,80.0,544.0,7.0,1.0,1.0,False,True,False,0.0,0.0,normal
161.0,1,1,0.0,0.71,1.08,0.0,3.0,0.0,0.0,0.0,116.0,7.0,1.0,1.0,False,True,False,0.0,1.0,normal
162.0,1,1,0.0,0.71,3.11,1.92,9.0,22.0,0.01,0.0,0.0,7.0,1.0,1.0,False,True,False,0.0,2.0,normal
163.0,1,1,0.0,0.71,4.3,1.92,39.0,0.0,0.38,0.0,152.0,7.0,1.0,1.0,False,True,False,0.0,3.0,normal
164.0,1,1,0.22,0.71,3.47,1.92,27.0,0.0,2.75,88.0,624.0,7.0,1.0,1.0,False,True,False,0.0,4.0,normal
165.0,1,1,0.0,0.71,2.62,1.92,2.0,95.0,2.75,0.0,152.0,7.0,1.0,1.0,False,True,False,0.0,5.0,normal
168.0,3,1,0.12,0.71,3.28,2.97,0.33,135.0,0.42,0.0,173.33,21.0,1.0,1.0,False,True,False,0.0,8.0,normal
169.0,12,2,0.13,0.72,0.26,1.28,0.83,0.0,0.92,9.33,148.33,84.0,1.0,1.0,False,True,False,0.0,19.0,normal
171.0,7,2,0.04,0.71,0.48,1.34,0.0,20.43,0.21,0.0,336.0,49.0,1.0,1.0,False,True,False,1.0,7.0,normal
172.0,7,2,0.07,0.71,0.51,1.34,0.0,19.29,0.21,0.0,128.0,49.0,1.0,1.0,False,True,False,4.0,14.0,normal
173.0,1,0,0.2,0.71,4.0,0.0,0.0,184.0,0.0,0.0,200.0,7.0,1.0,1.0,False,True,False,0.0,15.0,normal
174.0,3,0,0.2,0.71,0.49,0.0,1.67,0.0,0.0,0.0,164.0,21.0,1.0,1.0,False,True,False,1.0,18.0,normal
175.0,4,0,0.21,0.71,1.44,0.0,2.25,43.25,0.0,0.0,206.0,28.0,1.0,1.0,False,True,False,1.0,19.0,normal
177.0,6,3,0.13,0.71,0.86,0.0,0.33,34.0,0.0,3.33,163.33,42.0,1.0,1.0,False,True,False,6.0,8.0,normal
178.0,1,1,0.04,0.72,3.88,0.0,0.0,189.0,0.0,56.0,596.0,7.0,1.0,1.0,False,True,False,0.0,9.0,normal
179.0,1,1,0.04,0.71,1.23,0.0,6.0,0.0,0.0,16.0,236.0,7.0,1.0,1.0,False,True,False,0.0,10.0,normal
180.0,1,1,0.04,0.71,2.24,1.92,9.0,0.0,0.0,132.0,764.0,7.0,1.0,1.0,False,True,False,0.0,11.0,normal
182.0,1,1,0.04,0.71,7.39,3.13,45.0,107.0,0.06,0.0,124.0,7.0,1.0,1.0,False,True,False,0.0,12.0,normal
183.0,1,1,0.04,0.71,2.64,3.13,18.0,0.0,0.71,0.0,180.0,7.0,1.0,1.0,False,True,False,0.0,13.0,normal
184.0,1,1,0.0,0.71,2.28,3.13,6.0,20.0,0.71,0.0,128.0,7.0,1.0,1.0,False,True,False,0.0,14.0,normal
185.0,1,1,0.0,0.71,3.78,3.13,4.0,135.0,0.71,8.0,732.0,7.0,1.0,1.0,False,True,False,0.0,15.0,normal
186.0,1,1,0.12,0.71,4.43,3.13,32.0,66.0,4.1,0.0,188.0,7.0,1.0,1.0,False,True,False,0.0,16.0,normal
188.0,1,1,0.19,0.71,3.41,3.13,37.0,68.0,5.29,80.0,420.0,7.0,1.0,1.0,False,True,False,0.0,17.0,normal
189.0,2,1,0.04,0.71,2.78,2.53,3.0,76.0,0.36,16.0,552.0,14.0,1.0,1.0,False,True,False,0.0,19.0,normal
191.0,2,1,0.02,0.71,2.74,2.53,2.0,79.5,0.36,102.0,160.0,14.0,1.0,1.0,False,True,False,0.0,1.0,normal
192.0,2,1,0.0,0.71,1.69,0.0,1.0,71.0,0.0,16.0,752.0,14.0,1.0,1.0,False,True,False,0.0,3.0,normal
527.0,4,1,0.3,0.7,0.37,3.0,4.25,74.0,2.51,238.0,669.0,28.0,1.0,1.0,False,False,False,1.0,4.0,normal
0.0,9,1,0.34,0.7,0.08,4.0,0.0,4.56,2.94,340.0,764.89,67.0,0.0,1.0,True,True,True,20.0,13.0,anomaly
1.0,2,1,0.29,0.7,2.01,3.0,0.0,85.5,1.63,0.0,608.0,22.0,0.0,0.0,True,True,True,8.0,15.0,anomaly
2.0,76,8,0.28,0.7,0.04,4.24,0.0,0.97,3.53,4.84,1298.37,836.0,0.0,0.0,True,True,True,217.0,19.0,anomaly
4.0,7,2,0.23,0.72,0.87,1.14,0.0,3.86,2.27,0.0,512.0,77.0,0.0,0.0,True,True,True,28.0,18.0,anomaly
6.0,19,3,0.05,0.71,0.31,2.63,0.0,0.0,1.85,0.0,197.05,209.0,0.0,0.0,True,True,True,88.0,19.0,anomaly
7.0,16,2,0.15,0.71,0.21,3.99,0.0,0.0,2.71,8.0,1911.0,176.0,0.0,0.0,True,True,True,36.0,19.0,anomaly
8.0,17,2,0.03,0.71,0.13,3.64,0.0,0.0,2.46,112.94,3174.82,187.0,0.0,0.0,True,True,True,72.0,19.0,anomaly
9.0,7,2,0.07,0.71,0.46,3.14,0.0,0.0,1.6,80.57,3073.71,77.0,0.0,0.0,True,True,True,42.0,17.0,anomaly
10.0,10,2,0.05,0.71,0.29,4.39,0.0,0.0,2.57,73.2,1314.4,110.0,0.0,0.0,True,True,True,60.0,19.0,anomaly
11.0,2,0,0.04,0.71,0.47,0.0,0.0,0.0,0.0,0.0,0.0,22.0,0.0,0.0,True,True,True,0.0,9.0,anomaly
12.0,12,1,0.15,0.71,0.47,2.5,0.0,0.0,1.95,0.0,2963.33,132.0,0.0,0.0,True,True,True,5.0,19.0,anomaly
13.0,5,2,0.02,0.71,0.56,4.39,0.0,0.0,2.62,110.4,1230.4,55.0,0.0,0.0,True,True,True,10.0,6.0,anomaly
14.0,8,2,0.04,0.71,0.4,1.0,0.0,0.0,1.09,23.0,431.0,88.0,0.0,0.0,True,True,True,0.0,14.0,anomaly
15.0,14,2,0.04,0.71,0.17,4.56,0.0,0.0,3.09,0.0,80.57,154.0,0.0,0.0,True,True,True,1.0,19.0,anomaly
16.0,41,3,0.0,0.71,0.08,3.6,0.0,0.0,2.58,83.8,536.88,451.0,0.0,0.0,True,True,True,256.0,19.0,anomaly
17.0,4,2,0.0,0.71,0.49,1.99,0.0,0.0,1.24,0.0,620.0,44.0,0.0,0.0,True,True,True,44.0,13.0,anomaly
18.0,11,1,0.04,0.7,0.4,3.27,0.0,0.0,2.64,0.0,268.0,121.0,0.0,0.0,True,True,True,128.0,19.0,anomaly
19.0,40,2,0.38,0.7,0.02,3.39,0.0,0.0,2.45,335.8,169.1,440.0,0.0,0.0,True,True,True,702.0,19.0,anomaly
92.0,3,1,0.0,0.71,0.01,7.93,1.67,171.33,4.54,0.0,64.0,21.0,1.0,1.0,False,False,False,0.0,3.0,anomaly
95.0,1,1,0.08,0.71,10.41,7.92,2.0,383.0,4.21,96.0,568.5,7.0,1.0,1.0,False,False,False,0.0,4.0,anomaly
0.0,8,1,0.08,0.71,0.01,4.96,0.0,0.0,3.75,96.0,568.5,56.0,1.0,1.0,False,False,False,6.0,12.0,normal
1.0,1,1,0.04,0.71,5.16,7.95,3.0,130.0,9.16,64.0,412.0,7.0,1.0,1.0,False,False,False,2.0,13.0,normal
2.0,5,2,0.42,0.72,0.55,6.36,0.0,34.4,5.57,96.0,436.0,35.0,1.0,1.0,False,False,False,2.0,18.0,normal
3.0,3,2,0.04,0.72,0.82,5.45,0.0,23.67,3.14,0.0,0.0,21.0,1.0,1.0,False,False,False,1.0,19.0,normal
4.0,1,1,0.18,0.72,3.72,4.19,15.0,0.0,0.45,392.0,1212.0,7.0,1.0,1.0,False,False,False,0.0,2.0,normal
6.0,4,1,0.04,0.71,1.03,3.99,0.5,29.0,2.83,160.0,608.0,28.0,1.0,1.0,False,False,False,0.0,6.0,normal
7.0,7,1,0.0,0.71,0.63,2.57,0.86,21.43,2.0,0.0,0.0,49.0,1.0,1.0,False,False,False,0.0,13.0,normal
8.0,12,2,0.0,0.71,0.23,2.69,0.33,6.67,1.52,64.0,572.0,84.0,1.0,1.0,False,False,False,0.0,19.0,normal
9.0,20,3,0.04,0.71,0.17,2.8,0.45,2.75,2.69,0.0,0.0,140.0,1.0,1.0,False,False,False,0.0,19.0,normal
10.0,4,3,0.0,0.71,0.46,5.15,1.0,5.0,4.81,128.0,816.0,28.0,1.0,1.0,False,False,False,0.0,9.0,normal
11.0,19,7,0.04,0.73,0.28,6.02,0.42,4.74,5.1,0.0,0.0,133.0,1.0,1.0,False,False,False,0.0,19.0,normal
12.0,93,7,0.04,0.73,0.01,6.21,0.1,0.0,5.0,0.0,0.0,651.0,1.0,1.0,False,False,False,0.0,19.0,normal
16.0,10,2,0.0,0.74,1.25,0.0,1.9,31.8,0.0,505.5,0.0,70.0,1.0,1.0,False,False,False,0.0,11.0,normal
17.0,16,7,0.11,0.73,0.27,0.0,1.0,6.31,0.0,16.0,168.0,112.0,1.0,1.0,False,False,False,0.0,19.0,normal
18.0,17,5,0.09,0.73,0.19,0.0,1.0,4.06,0.0,96.0,540.0,119.0,1.0,1.0,False,False,False,0.0,19.0,normal
20.0,19,2,0.0,0.73,0.29,0.32,1.11,6.47,0.24,2.53,59.37,133.0,1.0,1.0,False,False,False,0.0,19.0,normal
21.0,1,1,0.12,0.72,3.03,5.99,6.0,17.0,4.64,16.0,272.0,7.0,1.0,1.0,False,False,False,0.0,4.0,normal
22.0,1,1,0.35,0.7,2.36,5.99,0.0,117.0,4.64,0.0,41036.0,7.0,1.0,1.0,False,False,False,0.0,5.0,normal
23.0,1,1,0.04,0.71,2.54,5.99,6.0,21.0,4.64,68.0,740.0,7.0,1.0,1.0,False,False,False,0.0,6.0,normal
24.0,1,1,0.0,0.7,3.3,5.99,0.0,139.0,4.64,16.0,332.0,7.0,1.0,1.0,False,False,False,0.0,7.0,normal
26.0,1,1,0.0,0.71,5.33,5.99,28.0,18.0,4.58,0.0,948.0,7.0,1.0,1.0,False,False,False,0.0,8.0,normal
27.0,1,0,0.08,0.71,4.12,0.0,0.0,215.0,0.0,32.0,228.0,7.0,1.0,1.0,False,False,False,0.0,9.0,normal
28.0,3,0,0.04,0.7,0.74,0.0,3.67,0.0,0.0,32.0,172.0,21.0,1.0,1.0,False,False,False,1.0,12.0,normal
30.0,2,1,0.04,0.71,3.28,0.0,2.0,127.0,0.0,32.0,352.0,14.0,1.0,1.0,False,False,False,2.0,14.0,normal
31.0,1,1,0.08,0.71,3.87,0.0,0.0,199.0,0.0,48.0,676.0,7.0,1.0,1.0,False,False,False,1.0,15.0,normal
32.0,1,1,0.04,0.71,1.47,0.0,9.0,0.0,0.0,48.0,312.0,7.0,1.0,1.0,False,False,False,1.0,16.0,normal
33.0,1,1,0.0,0.72,2.21,5.99,5.0,21.0,4.64,40.0,724.0,7.0,1.0,1.0,False,False,False,1.0,17.0,normal
37.0,4,1,0.07,0.71,3.34,3.48,1.5,120.0,3.49,80.0,364.0,28.0,1.0,1.0,False,False,False,4.0,19.0,normal
40.0,10,1,0.04,0.71,0.86,5.19,0.6,28.6,13.41,16.0,224.0,70.0,1.0,1.0,False,False,False,25.0,11.0,normal
41.0,3,1,0.0,0.71,1.08,0.0,1.0,32.33,0.0,104.0,3116.0,21.0,1.0,1.0,False,False,False,9.0,14.0,normal
42.0,3,1,0.19,0.71,0.76,0.0,1.0,18.0,0.0,0.0,3072.0,21.0,1.0,1.0,False,False,False,9.0,17.0,normal
43.0,4,2,0.08,0.71,0.78,3.0,1.5,12.5,2.32,0.0,3096.0,28.0,1.0,1.0,False,False,False,12.0,19.0,normal
44.0,2,0,0.07,0.71,1.8,0.0,2.0,29.0,0.0,0.0,4140.0,14.0,1.0,1.0,False,False,False,6.0,3.0,normal
45.0,2,0,0.04,0.71,1.82,0.0,2.5,35.5,0.0,0.0,0.0,14.0,1.0,1.0,False,False,False,6.0,5.0,normal
47.0,4,3,0.04,0.72,1.55,5.48,1.25,49.5,7.79,0.0,2388.0,28.0,1.0,1.0,False,False,False,3.0,9.0,normal
48.0,1,1,0.0,0.72,1.02,7.97,1.0,22.0,13.25,20.0,2112.0,7.0,1.0,1.0,False,False,False,0.0,10.0,normal
50.0,5,3,0.0,0.71,1.27,5.58,2.6,10.0,7.16,0.0,2048.0,35.0,1.0,1.0,False,False,False,0.0,15.0,normal
51.0,12,3,0.04,0.71,0.4,2.56,1.0,3.33,1.94,101.33,5901.33,84.0,1.0,1.0,False,False,False,0.0,19.0,normal
54.0,4,1,0.09,0.71,2.12,0.0,1.25,79.5,0.0,16.0,192.0,28.0,1.0,1.0,False,False,False,1.0,11.0,normal
56.0,16,1,0.11,0.71,0.41,7.93,0.38,14.12,5.98,0.0,224.0,112.0,1.0,1.0,False,False,False,16.0,19.0,normal
58.0,16,1,0.11,0.71,0.21,7.93,0.44,3.75,5.98,16.0,576.0,112.0,1.0,1.0,False,False,False,1.0,19.0,normal
59.0,32,1,0.14,0.71,0.1,7.93,0.19,1.69,5.98,0.0,356.25,224.0,1.0,1.0,False,False,False,0.0,19.0,normal
60.0,10,1,0.24,0.71,0.36,0.0,1.0,8.7,0.0,0.0,636.0,70.0,1.0,1.0,False,False,False,0.0,19.0,normal
62.0,2,1,0.0,0.71,3.51,7.93,8.5,51.0,4.84,0.0,68.0,14.0,1.0,1.0,False,False,False,0.0,7.0,normal
64.0,8,1,0.0,0.71,0.62,7.93,1.88,5.38,6.01,0.0,148.0,56.0,1.0,1.0,False,False,False,0.0,15.0,normal
65.0,4,1,0.0,0.71,0.62,0.0,1.25,9.25,0.0,0.0,216.0,28.0,1.0,1.0,False,False,False,0.0,19.0,normal
66.0,56,1,0.36,0.71,0.07,7.93,0.36,0.52,5.69,50.29,712.0,392.0,1.0,1.0,False,False,False,0.0,19.0,normal
67.0,132,1,0.62,0.71,0.03,7.93,0.2,0.08,5.82,108.0,2671.33,924.0,1.0,1.0,False,False,False,0.0,19.0,normal
68.0,22,1,0.0,0.71,0.05,0.0,0.0,2.0,0.0,128.0,14580.0,154.0,1.0,1.0,False,False,False,0.0,19.0,normal
69.0,20,1,0.23,0.71,0.23,0.0,1.05,3.5,0.0,64.0,660.0,140.0,1.0,1.0,False,False,False,0.0,19.0,normal
72.0,18,3,0.21,0.71,0.5,4.65,3.39,5.72,5.97,10.67,168.0,126.0,1.0,1.0,False,False,False,0.0,19.0,normal
73.0,19,4,0.16,0.71,0.2,0.0,0.89,4.74,0.0,0.0,0.0,133.0,1.0,1.0,False,False,False,0.0,19.0,normal
75.0,15,1,0.0,0.71,0.23,0.0,1.0,5.4,0.0,16.0,2084.0,105.0,1.0,1.0,False,False,False,0.0,19.0,normal
76.0,14,2,0.08,0.71,0.22,0.0,1.0,3.36,0.0,0.0,4.0,98.0,1.0,1.0,False,False,False,0.0,15.0,normal
77.0,17,1,0.0,0.71,0.18,0.0,1.0,3.47,0.0,16.0,1244.0,119.0,1.0,1.0,False,False,False,0.0,19.0,normal
78.0,5,3,0.0,0.71,0.59,0.0,1.0,13.2,0.0,0.0,328.0,35.0,1.0,1.0,False,False,False,0.0,17.0,normal
79.0,6,1,0.07,0.71,0.77,7.93,1.83,11.0,5.13,0.0,432.0,42.0,1.0,1.0,False,False,False,0.0,19.0,normal
81.0,1,1,0.08,0.71,6.49,5.99,29.0,71.0,4.55,80.0,484.0,7.0,1.0,1.0,False,False,False,0.0,4.0,normal
83.0,1,1,0.04,0.72,3.92,5.99,38.0,0.0,4.67,96.0,580.0,7.0,1.0,1.0,False,False,False,0.0,5.0,normal
84.0,2,1,0.07,0.72,2.21,5.99,4.0,69.0,4.67,0.0,200.0,14.0,1.0,1.0,False,False,False,0.0,7.0,normal
86.0,4,0,0.03,0.72,1.69,0.0,4.0,38.75,0.0,24.0,246.0,28.0,1.0,1.0,False,False,False,1.0,11.0,normal
87.0,21,3,0.21,0.72,0.06,5.11,0.14,0.0,4.92,80.0,488.0,147.0,1.0,1.0,False,False,False,54.0,19.0,normal
88.0,70,3,0.04,0.72,0.08,4.48,0.14,2.97,4.37,0.0,108.0,490.0,1.0,1.0,False,False,False,1186.0,19.0,normal
89.0,26,3,0.93,0.74,0.01,4.43,0.0,0.0,4.66,46786.62,410.77,182.0,1.0,1.0,False,False,False,858.0,19.0,normal
90.0,44,3,0.3,0.74,0.1,4.87,0.16,3.52,4.59,0.0,2048.0,308.0,1.0,1.0,False,False,False,381.0,19.0,normal
92.0,16,2,0.1,0.73,0.35,7.45,0.94,3.06,5.01,25.0,2048.0,112.0,1.0,1.0,False,False,False,12.0,19.0,normal
93.0,4,3,0.55,0.73,0.74,0.0,1.0,24.25,0.0,0.0,2552.0,28.0,1.0,1.0,False,False,False,0.0,12.0,normal
94.0,8,2,0.0,0.73,0.44,0.0,1.12,8.38,0.0,0.0,0.0,56.0,1.0,1.0,False,False,False,0.0,19.0,normal
95.0,4,2,0.0,0.73,0.63,0.0,1.5,15.25,0.0,0.0,2048.0,28.0,1.0,1.0,False,False,False,0.0,4.0,normal
97.0,2,1,0.11,0.72,3.81,5.09,3.0,122.5,2.7,2368.0,5560.0,14.0,1.0,1.0,False,False,False,0.0,6.0,normal
98.0,38,7,0.12,0.72,0.08,5.11,0.39,2.42,5.71,2542.67,5444.42,266.0,1.0,1.0,False,False,False,32.0,19.0,normal
99.0,29,7,0.23,0.73,0.05,6.33,0.0,2.07,6.55,2082.02,1838.34,203.0,1.0,1.0,False,False,False,1.0,19.0,normal
100.0,16,7,0.08,0.72,0.12,6.3,0.0,3.44,6.27,16.0,36.0,112.0,1.0,1.0,False,False,False,1.0,19.0,normal
102.0,38,7,0.0,0.73,0.22,4.87,0.26,5.5,6.13,32.0,2672.0,266.0,1.0,1.0,False,False,False,73.0,19.0,normal
103.0,76,7,0.31,0.74,0.02,4.95,0.05,0.0,5.85,9958.63,13066.53,532.0,1.0,1.0,False,False,False,137.0,19.0,normal
105.0,32,2,0.29,0.73,0.24,6.35,0.59,5.66,3.14,2040.0,8224.0,224.0,1.0,1.0,False,False,False,32.0,19.0,normal
106.0,80,7,0.29,0.73,0.0,5.74,0.0,0.0,6.16,2040.0,8224.0,560.0,1.0,1.0,False,False,False,80.0,19.0,normal
108.0,9,3,0.32,0.72,0.96,6.65,0.78,40.22,5.28,9856.5,9180.0,63.0,1.0,1.0,False,False,False,1.0,19.0,normal
109.0,1,1,0.32,0.72,0.5,7.97,1.0,0.0,10.28,9856.5,9180.0,7.0,1.0,1.0,False,False,False,1.0,5.0,normal
111.0,10,3,0.27,0.73,0.78,6.45,1.4,17.5,4.09,58.8,3819.6,70.0,1.0,1.0,False,False,False,3.0,15.0,normal
112.0,2,1,0.0,0.72,1.86,7.93,6.0,22.0,4.84,0.0,3948.0,14.0,1.0,1.0,False,False,False,2.0,17.0,normal
113.0,12,2,0.0,0.72,0.0,7.95,0.0,0.0,6.27,0.0,3948.0,84.0,1.0,1.0,False,False,False,12.0,19.0,normal
114.0,13,4,0.07,0.72,0.26,0.0,1.0,7.0,0.0,0.0,0.0,91.0,1.0,1.0,False,False,False,13.0,19.0,normal
115.0,11,3,0.0,0.72,0.28,0.0,1.0,5.36,0.0,0.0,2048.0,77.0,1.0,1.0,False,False,False,11.0,13.0,normal
116.0,16,7,0.18,0.72,0.19,0.0,1.0,3.06,0.0,0.0,0.0,112.0,1.0,1.0,False,False,False,16.0,19.0,normal
117.0,5,1,0.07,0.71,0.83,0.0,0.8,17.2,0.0,57.4,2150.4,35.0,1.0,1.0,False,False,False,5.0,14.0,normal
118.0,12,6,0.0,0.71,0.28,5.19,0.83,3.42,3.63,0.0,108.0,84.0,1.0,1.0,False,False,False,12.0,19.0,normal
119.0,12,6,0.11,0.71,0.3,5.6,0.67,7.75,3.63,1408.0,16116.0,84.0,1.0,1.0,False,False,False,8.0,18.0,normal
121.0,9,7,0.55,0.71,0.66,6.37,0.11,26.89,4.63,108.0,456.0,63.0,1.0,1.0,False,False,False,1.0,19.0,normal
123.0,1,1,0.43,0.72,5.17,4.19,24.0,4.0,0.71,32.0,692.0,7.0,1.0,1.0,False,False,False,0.0,8.0,normal
124.0,1,1,0.04,0.71,3.16,4.19,26.0,0.0,3.72,0.0,0.0,7.0,1.0,1.0,False,False,False,0.0,9.0,normal
125.0,7,2,0.14,0.71,0.52,2.28,0.0,29.57,2.84,80.0,784.0,49.0,1.0,1.0,False,False,False,1.0,16.0,normal
127.0,1,1,0.0,0.71,3.75,0.0,0.0,206.0,0.0,0.0,108.0,7.0,1.0,1.0,False,False,False,1.0,17.0,normal
128.0,18,6,0.01,0.71,0.3,4.07,0.56,5.5,3.29,21.33,126.67,126.0,1.0,1.0,False,False,False,8.0,19.0,normal
129.0,2,2,0.08,0.71,1.14,0.0,1.0,30.0,0.0,40.0,442.0,14.0,1.0,1.0,False,False,False,0.0,17.0,normal
130.0,10,5,0.04,0.71,0.3,5.5,0.5,10.0,5.39,16.0,272.0,70.0,1.0,1.0,False,False,False,0.0,19.0,normal
135.0,5,5,0.04,0.71,2.71,0.0,0.8,96.2,0.0,0.0,192.0,35.0,1.0,1.0,False,False,False,0.0,12.0,normal
139.0,30,1,0.0,0.71,0.48,7.69,0.27,15.03,5.46,0.0,136.0,210.0,1.0,1.0,False,False,False,0.0,19.0,normal
141.0,30,1,0.0,0.71,0.11,7.69,0.23,3.4,5.46,48.0,288.0,210.0,1.0,1.0,False,False,False,0.0,19.0,normal
142.0,5,4,0.0,0.71,0.66,0.0,1.0,15.6,0.0,0.0,4.0,35.0,1.0,1.0,False,False,False,0.0,17.0,normal
143.0,11,2,0.07,0.7,0.45,0.0,1.09,8.73,0.0,0.0,312.0,77.0,1.0,1.0,False,False,False,0.0,19.0,normal
145.0,11,6,0.08,0.7,0.6,0.0,1.0,13.73,0.0,8.73,484.0,77.0,1.0,1.0,False,False,False,0.0,19.0,normal
146.0,16,1,0.04,0.71,0.19,7.94,0.5,1.88,4.81,0.0,184.0,112.0,1.0,1.0,False,False,False,0.0,15.0,normal
147.0,4,1,0.18,0.71,0.37,0.0,0.0,12.75,0.0,16.0,484.0,28.0,1.0,1.0,False,False,False,0.0,19.0,normal
148.0,16,1,0.0,0.71,0.28,7.94,0.31,7.75,4.81,56.0,366.0,112.0,1.0,1.0,False,False,False,0.0,15.0,normal
150.0,8,1,0.0,0.71,0.53,7.94,1.38,2.62,4.81,0.0,92.0,56.0,1.0,1.0,False,False,False,0.0,19.0,normal
153.0,2,1,0.12,0.71,4.43,7.93,5.5,119.0,4.8,0.0,0.0,14.0,1.0,1.0,False,False,False,0.0,5.0,normal
154.0,2,1,0.19,0.71,2.38,7.94,6.0,1.0,6.87,16.0,148.0,14.0,1.0,1.0,False,False,False,0.0,7.0,normal
155.0,3,2,0.04,0.71,0.8,0.0,1.33,20.33,0.0,16.0,92.0,21.0,1.0,1.0,False,False,False,0.0,10.0,normal
156.0,5,1,0.0,0.7,0.52,0.0,1.0,12.6,0.0,0.0,148.0,35.0,1.0,1.0,False,False,False,0.0,15.0,normal
160.0,17,5,0.4,0.7,0.67,4.35,0.88,20.65,5.3,0.0,164.0,119.0,1.0,1.0,False,False,False,6.0,19.0,normal
161.0,5,2,0.22,0.7,0.66,0.0,1.0,21.4,0.0,72.0,596.0,35.0,1.0,1.0,False,False,False,0.0,17.0,normal
162.0,20,6,0.07,0.7,0.16,6.26,0.3,2.4,4.44,0.0,104.0,140.0,1.0,1.0,False,False,False,0.0,19.0,normal
163.0,21,6,0.13,0.7,0.09,5.96,0.1,2.9,4.71,176.0,1900.0,147.0,1.0,1.0,False,False,False,5.0,19.0,normal
164.0,1,0,0.07,0.7,4.96,0.0,2.0,233.0,0.0,0.0,580.0,7.0,1.0,1.0,False,False,False,0.0,19.0,normal
165.0,3,0,0.0,0.7,0.7,0.0,3.33,0.0,0.0,0.0,128.0,21.0,1.0,1.0,False,False,False,1.0,2.0,normal
166.0,30,6,0.04,0.7,0.06,4.05,0.1,0.73,3.66,0.0,0.0,210.0,1.0,1.0,False,False,False,124.0,19.0,normal
167.0,14,2,0.0,0.71,0.34,0.0,1.07,11.0,0.0,0.0,312.0,98.0,1.0,1.0,False,False,False,9.0,19.0,normal
168.0,9,4,0.11,0.7,0.32,0.0,1.0,7.22,0.0,0.0,204.0,63.0,1.0,1.0,False,False,False,0.0,15.0,normal
174.0,25,3,0.11,0.73,0.68,3.09,0.36,23.32,0.76,8.0,8.0,175.0,1.0,1.0,False,False,False,17.0,19.0,normal
175.0,1,0,0.04,0.73,4.61,0.0,4.0,109.0,0.0,80.0,352.0,7.0,1.0,1.0,False,False,False,3.0,1.0,normal
176.0,1,0,0.3,0.73,2.26,0.0,0.0,146.0,0.0,16.0,212.0,7.0,1.0,1.0,False,False,False,3.0,2.0,normal
180.0,2,1,0.04,0.73,5.26,7.95,6.0,99.5,5.46,112.0,496.0,14.0,1.0,1.0,False,False,False,6.0,4.0,normal
181.0,2,1,0.0,0.73,2.16,5.09,2.0,1.0,2.7,1.5,0.0,14.0,1.0,1.0,False,False,False,6.0,6.0,normal
182.0,2,1,0.12,0.73,1.23,7.95,3.5,1.0,5.46,16.0,552.0,14.0,1.0,1.0,False,False,False,6.0,8.0,normal
183.0,2,1,0.0,0.73,2.01,5.09,4.5,1.0,2.7,1.5,132.0,14.0,1.0,1.0,False,False,False,6.0,10.0,normal
184.0,4,2,0.0,0.74,0.66,0.0,1.75,10.5,0.0,0.0,104.0,28.0,1.0,1.0,False,False,False,12.0,14.0,normal
185.0,3,1,0.05,0.74,1.37,0.0,0.67,40.67,0.0,0.0,144.0,21.0,1.0,1.0,False,False,False,9.0,17.0,normal
186.0,2,0,0.0,0.74,1.2,0.0,1.0,41.5,0.0,0.0,340.0,14.0,1.0,1.0,False,False,False,6.0,19.0,normal
187.0,4,3,0.07,0.74,0.64,0.0,1.0,19.5,0.0,16.0,252.0,28.0,1.0,1.0,False,False,False,12.0,3.0,normal
188.0,5,1,0.04,0.74,0.5,2.91,1.2,10.4,10.06,0.0,0.0,35.0,1.0,1.0,False,False,False,16.0,8.0,normal
190.0,2,0,0.02,0.71,3.5,0.0,3.0,90.0,0.0,64.0,332.0,14.0,1.0,1.0,False,False,False,0.0,10.0,normal
191.0,9,1,0.59,0.71,0.13,2.02,0.33,0.0,7.22,200.0,0.0,63.0,1.0,1.0,False,False,False,7.0,19.0,normal
192.0,17,1,0.0,0.71,0.26,2.57,0.35,8.88,7.51,80.0,532.0,119.0,1.0,1.0,False,False,False,67.0,16.0,normal
193.0,5,2,0.0,0.71,0.79,3.77,0.0,34.8,8.53,0.0,176.0,35.0,1.0,1.0,False,False,False,5.0,19.0,normal
194.0,1,1,0.0,0.72,1.04,7.93,0.0,22.0,12.48,168.0,6040.0,7.0,1.0,1.0,False,False,False,0.0,2.0,normal
